-- MySQL dump 10.13  Distrib 8.0.33, for macos12.6 (x86_64)
--
-- Host: 127.0.0.1    Database: changliulab
-- ------------------------------------------------------
-- Server version	8.0.33

/*!40101 SET @OLD_CHARACTER_SET_CLIENT=@@CHARACTER_SET_CLIENT */;
/*!40101 SET @OLD_CHARACTER_SET_RESULTS=@@CHARACTER_SET_RESULTS */;
/*!40101 SET @OLD_COLLATION_CONNECTION=@@COLLATION_CONNECTION */;
/*!50503 SET NAMES utf8mb4 */;
/*!40103 SET @OLD_TIME_ZONE=@@TIME_ZONE */;
/*!40103 SET TIME_ZONE='+00:00' */;
/*!40014 SET @OLD_UNIQUE_CHECKS=@@UNIQUE_CHECKS, UNIQUE_CHECKS=0 */;
/*!40014 SET @OLD_FOREIGN_KEY_CHECKS=@@FOREIGN_KEY_CHECKS, FOREIGN_KEY_CHECKS=0 */;
/*!40101 SET @OLD_SQL_MODE=@@SQL_MODE, SQL_MODE='NO_AUTO_VALUE_ON_ZERO' */;
/*!40111 SET @OLD_SQL_NOTES=@@SQL_NOTES, SQL_NOTES=0 */;

--
-- Table structure for table `acl_permission`
--

DROP TABLE IF EXISTS `acl_permission`;
/*!40101 SET @saved_cs_client     = @@character_set_client */;
/*!50503 SET character_set_client = utf8mb4 */;
CREATE TABLE `acl_permission` (
  `id` bigint unsigned NOT NULL COMMENT '编号',
  `name` varchar(50) NOT NULL DEFAULT '' COMMENT '名称',
  `category` varchar(30) DEFAULT NULL COMMENT 'Permission Group',
  `action` tinyint DEFAULT '0' COMMENT '1: create, 2: edit, 3: remove, 4:read, 11: review_request, 12: review_pass, 13: review_reject, 14: review_read',
  `slug` varchar(50) DEFAULT NULL COMMENT 'The unique slug to search the permission.',
  `enable` bit(1) DEFAULT b'1' COMMENT '状态(0:禁止,1:正常)',
  `is_deleted` tinyint unsigned NOT NULL DEFAULT '0' COMMENT '逻辑删除 1（true）已删除， 0（false）未删除',
  `gmt_create` datetime DEFAULT NULL COMMENT '创建时间',
  `gmt_modified` datetime DEFAULT NULL COMMENT '更新时间',
  `description` varchar(100) DEFAULT NULL,
  PRIMARY KEY (`id`),
  KEY `acl_permission_category_index` (`category`)
) ENGINE=InnoDB DEFAULT CHARSET=utf8mb4 COLLATE=utf8mb4_0900_ai_ci COMMENT='权限';
/*!40101 SET character_set_client = @saved_cs_client */;

--
-- Dumping data for table `acl_permission`
--

LOCK TABLES `acl_permission` WRITE;
/*!40000 ALTER TABLE `acl_permission` DISABLE KEYS */;
INSERT INTO `acl_permission` VALUES (1195269143060602882,'查看','User',4,'User.READ',_binary '',0,'2019-11-15 17:15:45','2023-05-07 00:15:44',NULL),(1195269295926206466,'添加3','User',1,'User.CREATE',_binary '',0,'2019-11-15 17:16:22','2023-05-07 00:15:49',NULL),(1195269473479483394,'修改3','User',2,'User.EDIT',_binary '',0,'2019-11-15 17:17:04','2023-05-07 00:15:54',NULL),(1195269547269873666,'删除4','User',3,'User.REMOVE',_binary '',0,'2019-11-15 17:17:22','2023-05-07 00:16:02',NULL),(1195269821262782465,'修改2','Role',2,'Role.EDIT',_binary '',0,'2019-11-15 17:18:27','2023-05-07 00:16:09',NULL),(1195269903542444034,'查看','Role',4,'Role.READ',_binary '',0,'2019-11-15 17:18:47','2023-05-07 00:17:11',NULL),(1195270037005197313,'添加','Role',1,'Role.CREATE',_binary '',0,'2019-11-15 17:19:19','2023-05-07 00:17:16',NULL),(1195270442602782721,'删除','Role',3,'Role.REMOVE',_binary '',0,'2019-11-15 17:20:55','2023-05-07 00:17:21',NULL),(1195270621548568578,'角色权限','Role',NULL,'role.acl',_binary '',1,'2019-11-15 17:21:38','2019-11-15 17:21:38',NULL),(1195270744097742849,'查看','Permission',4,'Permission.READ',_binary '',0,'2019-11-15 17:22:07','2023-05-07 00:17:37',NULL),(1195270810560684034,'添加','Permission',1,'Permission.CREATE',_binary '',0,'2019-11-15 17:22:23','2023-05-07 00:17:46',NULL),(1195270862100291586,'修改','Permission',2,'Permission.EDIT',_binary '',0,'2019-11-15 17:22:35','2023-05-07 00:17:58',NULL),(1195270887933009922,'删除','Permission',3,'Permission.REMOVE',_binary '',0,'2019-11-15 17:22:41','2023-05-07 00:18:04',NULL),(1195349979797753857,'查看','Member',4,'Member.READ',_binary '',0,'2019-11-15 22:36:58','2023-05-07 00:18:09',NULL),(1195350117270261762,'修改','Member',2,'Member.EDIT',_binary '',0,'2019-11-15 22:37:31','2023-05-07 00:18:14',NULL),(1195350188359520258,'删除','Member',3,'Member.REMOVE',_binary '',0,'2019-11-15 22:37:48','2023-05-07 00:18:20',NULL),(1195351159672246274,'preview','Course',4,'Course.READ',_binary '',0,'2019-11-15 22:41:40','2023-05-07 00:18:35',NULL),(1195351326706208770,'Edit Course Info','Course.info',2,'Course.info.EDIT',_binary '',1,'2019-11-15 22:42:19','2023-05-07 00:18:56',NULL),(1195351566221938690,'Edit Course Content','Course.content',2,'Course.content.EDIT',_binary '',1,'2019-11-15 22:43:17','2023-05-07 00:19:18',NULL),(1195352127734386690,'查看',NULL,NULL,'daily.list',_binary '',1,'2019-11-15 22:45:30','2019-11-15 22:45:30',NULL),(1195352215768633346,'生成',NULL,NULL,'daily.add',_binary '',1,'2019-11-15 22:45:51','2019-11-15 22:45:51',NULL),(1196301740985311234,'分配角色','User',NULL,'user.assgin',_binary '',1,'2019-11-18 13:38:56','2019-11-18 13:38:56',NULL),(1538453008496705537,'Edit','Scholar',2,'Scholar.EDIT',_binary '',0,'2022-06-19 17:25:55','2023-05-07 00:07:19',NULL),(1544145433848430594,'Edit','Research',2,'Research.EDIT',_binary '',0,'2022-07-05 10:25:35','2023-05-07 00:07:07','Edit Research'),(1544313042166333442,'Edit','Methodology',2,'Methodology.EDIT',_binary '',0,'2022-07-05 21:31:36','2023-05-07 00:06:37',NULL),(1544313805424803842,'Pass Review','Methodology',12,'Methodology.REVIEW_PASS',_binary '',0,'2022-07-05 21:34:38','2023-05-07 00:10:51',NULL),(1544512015661494274,'Request Review','Research',11,'Research.REVIEW_REQUEST',_binary '',0,'2022-07-06 10:42:15','2023-05-07 00:10:28',NULL),(1544682756235223041,'Edit','Activity',2,'Activity.EDIT',_binary '',0,'2022-07-06 22:00:43','2023-05-07 13:18:35','Edit'),(1544682960921452545,'Create','Activity',1,'Activity.CREATE',_binary '',0,'2022-07-06 22:01:31','2023-05-07 00:09:59',NULL),(1547211519803531266,'Remove','Course',3,'Course.REMOVE',_binary '',0,'2022-07-13 21:29:07','2023-05-07 00:09:43',NULL),(1554081862405185537,'Pass review','Course',12,'Course.REVIEW_PASS',_binary '',0,'2022-08-01 20:29:24','2023-05-07 00:09:11',NULL),(1554081942470254593,'Reject review','Course',13,'Course.REVIEW_REJECT',_binary '',0,'2022-08-01 20:29:43','2023-05-07 00:15:32',NULL),(1554482292972953602,'Review','Course',11,'Course.REVIEW_REQUEST',_binary '',0,'2022-08-02 23:00:34','2023-05-07 00:20:02',NULL),(1559832166568415234,'Review Pass','Activity',12,'Activity.REVIEW_PASS',_binary '',0,'2022-08-17 17:19:03','2023-05-07 12:09:17',NULL),(1561366827786428418,'Request Review','Course',NULL,'course.review.request',_binary '',1,'2022-08-21 22:57:15','2022-08-21 22:57:15',NULL),(1561368724027072514,'Delete Scholar','Scholar',3,'Scholar.REMOVE',_binary '',0,'2022-08-21 23:04:47','2023-05-07 13:14:51',NULL),(1561368896744316930,'List Scholar','Scholar',4,'Scholar.READ',_binary '',0,'2022-08-21 23:05:28','2023-05-07 13:14:57',NULL),(1561369085492191233,'Pass Review','Research',12,'Research.REVIEW_PASS',_binary '',0,'2022-08-21 23:06:13','2023-05-07 13:12:27',NULL),(1561369157969764354,'Reject Review','Research',13,'Research.REVIEW_REJECT',_binary '',0,'2022-08-21 23:06:31','2023-05-07 13:12:31',NULL),(1561369911136739329,'Request Review','Methodology',11,'Methodology.REVIEW_REQUEST',_binary '',0,'2022-08-21 23:09:30','2023-05-07 13:04:39',NULL),(1561373592808710145,'Pass Review','Activity',NULL,'activity.review.pass',_binary '',1,'2022-08-21 23:24:08','2022-08-21 23:24:08',NULL),(1561373987538853889,'Reject Review','Activity',13,'Activity.REVIEW_REJECT',_binary '',0,'2022-08-21 23:25:42','2023-05-07 13:19:11',NULL),(1561374302912765954,'Request Review','Activity',11,'Activity.REVIEW_REQUEST',_binary '',0,'2022-08-21 23:26:57','2023-05-07 13:19:16',NULL),(1561376875535261697,'Review Methodology','Methodology',14,'Methodology.REVIEW_READ',_binary '',0,'2022-08-21 23:37:11','2023-05-07 13:04:45',NULL),(1561376968816582657,'Reject Review','Methodology',13,'Methodology.REVIEW_REJECT',_binary '',0,'2022-08-21 23:37:33','2023-05-07 13:04:53',NULL),(1561560758172008449,'List Course','Course',NULL,'course.list',_binary '',1,'2022-08-22 11:47:52','2022-08-22 11:47:52',NULL),(1561614606156709889,'Remove Chapter/Seciton','Course.content',3,'Course.content.REMOVE',_binary '',0,'2022-08-22 15:21:50','2023-05-07 13:50:16',NULL),(1561726247485587457,'Remove','Activity',3,'Activity.REMOVE',_binary '',0,'2022-08-22 22:45:28','2023-05-07 13:19:25','Delete'),(1561726871807737857,'List ','Activity',4,'Activity.READ',_binary '',0,'2022-08-22 22:47:56','2023-05-07 13:19:36',NULL),(1561734298296926210,'List','Research',4,'Research.READ',_binary '',0,'2022-08-22 23:17:27','2023-05-07 13:12:37',NULL),(1561750258424758273,'Read','Methodology',4,'Methodology.READ',_binary '',0,'2022-08-23 00:20:52','2023-05-07 13:57:55',NULL),(1561750411474911233,'Review','Research',14,'Research.REVIEW_READ',_binary '',0,'2022-08-23 00:21:29','2023-05-07 13:14:04',NULL),(1561762404097343490,'New','Scholar',1,'Scholar.CREATE',_binary '',0,'2022-08-23 01:09:08','2023-05-07 13:15:03',NULL),(1567437624992985090,'New Course','Course',NULL,'course.new',_binary '',1,'2022-09-07 17:00:26','2022-09-07 17:00:26',NULL),(1572585852793077761,'Subject List','Course',NULL,'course.subject.list',_binary '',1,'2022-09-21 21:57:39','2022-09-21 21:57:39',NULL),(1572585908535377922,'Subject import','Course',NULL,'course.subject.import',_binary '',1,'2022-09-21 21:57:52','2022-09-21 21:57:52',NULL),(1572585945944375298,'Subject edit','Course.subject',2,'Course.subject.EDIT',_binary '',0,'2022-09-21 21:58:01','2023-05-07 13:12:15',NULL),(1610676072134242306,'add Member','Member',1,'Member.CREATE',_binary '',0,'2023-01-05 00:34:35','2023-05-07 13:18:17',NULL),(1614525595269058562,'Research Remove','Research',3,'Research.REMOVE',_binary '',0,'2023-01-15 15:31:13','2023-05-07 13:14:09',NULL),(1615023752033607681,'View','Research',NULL,'research.view',_binary '',1,'2023-01-17 00:30:43','2023-01-17 00:30:43',NULL),(1616141803437273090,'Remove','Methodology',3,'Methodology.REMOVE',_binary '',0,'2023-01-20 02:33:27','2023-05-07 13:07:04',NULL),(1616837388918079489,'Switch','Banner',21,'Banner.ENABLE',_binary '',0,'2023-01-22 00:37:28','2023-05-07 13:40:21',NULL),(1616837496862687234,'edit','Banner',2,'Banner.EDIT',_binary '',0,'2023-01-22 00:37:53','2023-05-07 13:40:26',NULL),(1616837540974182401,'remove','Banner',3,'Banner.REMOVE',_binary '',0,'2023-01-22 00:38:04','2023-05-07 13:40:30',NULL),(1617551212897968129,'view','Methodology',NULL,'methodology.view',_binary '',1,'2023-01-23 23:53:56','2023-01-23 23:53:56',NULL),(1617847334396788738,'Create','Methodology',1,'Methodology.CREATE',_binary '',0,'2023-01-24 19:30:37','2023-05-07 13:57:47',NULL),(1617847938783412226,'New Research','Research',1,'Research.CREATE',_binary '',0,'2023-01-24 19:33:01','2023-05-07 13:14:38',NULL),(1622124928889806849,'Enable','Research',21,'Research.ENABLE',_binary '',0,'2023-02-05 14:48:15','2023-05-07 13:14:44',NULL),(1622998513384693762,'Enable','Activity',21,'Activity.ENABLE',_binary '',0,'2023-02-08 00:39:34','2023-05-07 13:19:41',NULL),(1623006793205030913,'Preview','Activity',NULL,'activity.preview',_binary '',1,'2023-02-08 01:12:28','2023-02-08 01:12:28',NULL),(1631284141578878978,'enable','Methodology',21,'Methodology.ENABLE',_binary '',0,'2023-03-02 21:23:42','2023-05-07 13:11:45',NULL),(1631286448475447298,'Public','Methodology',22,'Methodology.PUBLIC',_binary '',0,'2023-03-02 21:32:52','2023-05-07 13:11:53',NULL),(1655832821765861377,'Create','Banner',1,'Banner.CREATE',_binary '',0,'2023-05-09 15:11:23','2023-05-09 15:15:31','create new banner'),(1655833937446531073,'Read','Banner',4,'Banner.READ',_binary '',0,'2023-05-09 15:15:49','2023-05-09 15:16:03',NULL);
/*!40000 ALTER TABLE `acl_permission` ENABLE KEYS */;
UNLOCK TABLES;

--
-- Table structure for table `acl_role`
--

DROP TABLE IF EXISTS `acl_role`;
/*!40101 SET @saved_cs_client     = @@character_set_client */;
/*!50503 SET character_set_client = utf8mb4 */;
CREATE TABLE `acl_role` (
  `id` bigint unsigned NOT NULL COMMENT '角色id',
  `role_name` varchar(20) NOT NULL DEFAULT '' COMMENT '角色名称',
  `role_code` varchar(20) DEFAULT NULL COMMENT '角色编码',
  `remark` varchar(255) DEFAULT NULL COMMENT '备注',
  `is_deleted` tinyint unsigned NOT NULL DEFAULT '0' COMMENT '逻辑删除 1（true）已删除， 0（false）未删除',
  `gmt_create` datetime NOT NULL COMMENT '创建时间',
  `gmt_modified` datetime NOT NULL COMMENT '更新时间',
  `enable` bit(1) DEFAULT b'1',
  PRIMARY KEY (`id`)
) ENGINE=InnoDB DEFAULT CHARSET=utf8mb3;
/*!40101 SET character_set_client = @saved_cs_client */;

--
-- Dumping data for table `acl_role`
--

LOCK TABLES `acl_role` WRITE;
/*!40000 ALTER TABLE `acl_role` DISABLE KEYS */;
INSERT INTO `acl_role` VALUES (1,'superAdmin',NULL,NULL,0,'2019-11-11 13:09:32','2020-08-21 11:59:37',_binary ''),(1193757683205607426,'Lab member',NULL,NULL,0,'2019-11-11 13:09:45','2019-11-18 10:25:44',_binary ''),(1296656642959503361,'Senior lab member',NULL,NULL,0,'2020-08-21 11:53:29','2020-08-21 11:59:51',_binary ''),(1296658571068469249,'Professor',NULL,NULL,0,'2020-08-21 12:01:09','2020-08-21 12:01:09',_binary ''),(1534892794140942338,'lab intern',NULL,NULL,1,'2022-06-09 21:38:54','2022-06-09 21:38:54',_binary '');
/*!40000 ALTER TABLE `acl_role` ENABLE KEYS */;
UNLOCK TABLES;

--
-- Table structure for table `acl_role_permission`
--

DROP TABLE IF EXISTS `acl_role_permission`;
/*!40101 SET @saved_cs_client     = @@character_set_client */;
/*!50503 SET character_set_client = utf8mb4 */;
CREATE TABLE `acl_role_permission` (
  `id` bigint unsigned NOT NULL,
  `role_id` bigint unsigned NOT NULL,
  `permission_id` bigint unsigned NOT NULL,
  `gmt_create` datetime NOT NULL COMMENT '创建时间',
  `gmt_modified` datetime NOT NULL COMMENT '更新时间',
  PRIMARY KEY (`id`),
  KEY `idx_role_id` (`role_id`),
  KEY `idx_permission_id` (`permission_id`)
) ENGINE=InnoDB DEFAULT CHARSET=utf8mb3 COMMENT='角色权限';
/*!40101 SET character_set_client = @saved_cs_client */;

--
-- Dumping data for table `acl_role_permission`
--

LOCK TABLES `acl_role_permission` WRITE;
/*!40000 ALTER TABLE `acl_role_permission` DISABLE KEYS */;
INSERT INTO `acl_role_permission` VALUES (1544385766486142978,1296658571068469249,1,'2022-07-06 02:20:35','2022-07-06 02:20:35'),(1544385766490337281,1296658571068469249,1195268474480156673,'2022-07-06 02:20:35','2022-07-06 02:20:35'),(1544385766490337282,1296658571068469249,1195268616021139457,'2022-07-06 02:20:35','2022-07-06 02:20:35'),(1544385766490337283,1296658571068469249,1195269143060602882,'2022-07-06 02:20:35','2022-07-06 02:20:35'),(1544385766490337284,1296658571068469249,1195269295926206466,'2022-07-06 02:20:35','2022-07-06 02:20:35'),(1544385766494531585,1296658571068469249,1195269473479483394,'2022-07-06 02:20:35','2022-07-06 02:20:35'),(1544385766494531586,1296658571068469249,1195269547269873666,'2022-07-06 02:20:35','2022-07-06 02:20:35'),(1544385766494531587,1296658571068469249,1196301740985311234,'2022-07-06 02:20:35','2022-07-06 02:20:35'),(1544385766494531588,1296658571068469249,1195268788138598401,'2022-07-06 02:20:35','2022-07-06 02:20:35'),(1544385766494531589,1296658571068469249,1195269821262782465,'2022-07-06 02:20:35','2022-07-06 02:20:35'),(1544385766494531590,1296658571068469249,1195269903542444034,'2022-07-06 02:20:35','2022-07-06 02:20:35'),(1544385766494531591,1296658571068469249,1195270037005197313,'2022-07-06 02:20:35','2022-07-06 02:20:35'),(1544385766498725889,1296658571068469249,1195270442602782721,'2022-07-06 02:20:35','2022-07-06 02:20:35'),(1544385766498725890,1296658571068469249,1195270621548568578,'2022-07-06 02:20:35','2022-07-06 02:20:35'),(1544385766498725891,1296658571068469249,1195349439240048642,'2022-07-06 02:20:35','2022-07-06 02:20:35'),(1544385766498725892,1296658571068469249,1195349699995734017,'2022-07-06 02:20:35','2022-07-06 02:20:35'),(1544385766498725893,1296658571068469249,1195349979797753857,'2022-07-06 02:20:35','2022-07-06 02:20:35'),(1544385766498725894,1296658571068469249,1195350117270261762,'2022-07-06 02:20:35','2022-07-06 02:20:35'),(1544385766498725895,1296658571068469249,1195350188359520258,'2022-07-06 02:20:35','2022-07-06 02:20:35'),(1544385766502920194,1296658571068469249,1195349810561781761,'2022-07-06 02:20:35','2022-07-06 02:20:35'),(1544385766502920195,1296658571068469249,1195349876252971010,'2022-07-06 02:20:35','2022-07-06 02:20:35'),(1544385766502920196,1296658571068469249,1195350299365969922,'2022-07-06 02:20:35','2022-07-06 02:20:35'),(1544385766502920197,1296658571068469249,1195350397751758850,'2022-07-06 02:20:35','2022-07-06 02:20:35'),(1544385766502920198,1296658571068469249,1195350612172967938,'2022-07-06 02:20:35','2022-07-06 02:20:35'),(1544385766507114498,1296658571068469249,1195350500512206850,'2022-07-06 02:20:35','2022-07-06 02:20:35'),(1544385766507114499,1296658571068469249,1195350687590748161,'2022-07-06 02:20:35','2022-07-06 02:20:35'),(1544385766507114500,1296658571068469249,1195350831744782337,'2022-07-06 02:20:35','2022-07-06 02:20:35'),(1544385766507114501,1296658571068469249,1195350919074385921,'2022-07-06 02:20:35','2022-07-06 02:20:35'),(1544385766507114502,1296658571068469249,1195351159672246274,'2022-07-06 02:20:35','2022-07-06 02:20:35'),(1544385766511308801,1296658571068469249,1195351326706208770,'2022-07-06 02:20:35','2022-07-06 02:20:35'),(1544385766511308802,1296658571068469249,1195351566221938690,'2022-07-06 02:20:35','2022-07-06 02:20:35'),(1544385766511308803,1296658571068469249,1195351862889254913,'2022-07-06 02:20:35','2022-07-06 02:20:35'),(1544385766511308804,1296658571068469249,1195351968841568257,'2022-07-06 02:20:35','2022-07-06 02:20:35'),(1544385766511308805,1296658571068469249,1195352215768633346,'2022-07-06 02:20:35','2022-07-06 02:20:35'),(1544385766511308806,1296658571068469249,1195352054917074946,'2022-07-06 02:20:35','2022-07-06 02:20:35'),(1544385766515503106,1296658571068469249,1195352127734386690,'2022-07-06 02:20:35','2022-07-06 02:20:35'),(1544385766515503107,1296658571068469249,1195352547621965825,'2022-07-06 02:20:35','2022-07-06 02:20:35'),(1544385766515503108,1296658571068469249,1195353513549205505,'2022-07-06 02:20:35','2022-07-06 02:20:35'),(1544385766515503109,1296658571068469249,1195352856645701633,'2022-07-06 02:20:35','2022-07-06 02:20:35'),(1544385766515503110,1296658571068469249,1195352909401657346,'2022-07-06 02:20:35','2022-07-06 02:20:35'),(1544385766515503111,1296658571068469249,1195353051395624961,'2022-07-06 02:20:35','2022-07-06 02:20:35'),(1544385766519697409,1296658571068469249,1195353672110673921,'2022-07-06 02:20:35','2022-07-06 02:20:35'),(1544385766519697410,1296658571068469249,1538451978459529218,'2022-07-06 02:20:35','2022-07-06 02:20:35'),(1544385766519697411,1296658571068469249,1538452366378123266,'2022-07-06 02:20:35','2022-07-06 02:20:35'),(1544385766519697412,1296658571068469249,1538452758507798530,'2022-07-06 02:20:35','2022-07-06 02:20:35'),(1544385766519697413,1296658571068469249,1538453008496705537,'2022-07-06 02:20:35','2022-07-06 02:20:35'),(1544385766519697414,1296658571068469249,1544312079359655937,'2022-07-06 02:20:35','2022-07-06 02:20:35'),(1544385766519697415,1296658571068469249,1544312301225754626,'2022-07-06 02:20:35','2022-07-06 02:20:35'),(1544385766519697416,1296658571068469249,1544313042166333442,'2022-07-06 02:20:35','2022-07-06 02:20:35'),(1544385766519697417,1296658571068469249,1544313530127466498,'2022-07-06 02:20:35','2022-07-06 02:20:35'),(1544385766523891714,1296658571068469249,1544313805424803842,'2022-07-06 02:20:35','2022-07-06 02:20:35'),(1544385766523891715,1296658571068469249,1544321419843977217,'2022-07-06 02:20:35','2022-07-06 02:20:35'),(1544385766523891716,1296658571068469249,1544321568246841346,'2022-07-06 02:20:35','2022-07-06 02:20:35'),(1544500304363614210,1296656642959503361,1,'2022-07-06 09:55:43','2022-07-06 09:55:43'),(1544500304376197122,1296656642959503361,1195350831744782337,'2022-07-06 09:55:43','2022-07-06 09:55:43'),(1544500304376197123,1296656642959503361,1195350919074385921,'2022-07-06 09:55:43','2022-07-06 09:55:43'),(1544500304380391426,1296656642959503361,1195351159672246274,'2022-07-06 09:55:43','2022-07-06 09:55:43'),(1544500304380391427,1296656642959503361,1195351326706208770,'2022-07-06 09:55:43','2022-07-06 09:55:43'),(1544500304380391428,1296656642959503361,1195351566221938690,'2022-07-06 09:55:43','2022-07-06 09:55:43'),(1544512084259336193,1193757683205607426,1,'2022-07-06 10:42:31','2022-07-06 10:42:31'),(1544512084263530498,1193757683205607426,1544144710045777921,'2022-07-06 10:42:31','2022-07-06 10:42:31'),(1544512084263530499,1193757683205607426,1544145153702477826,'2022-07-06 10:42:31','2022-07-06 10:42:31'),(1544512084267724802,1193757683205607426,1544145433848430594,'2022-07-06 10:42:31','2022-07-06 10:42:31'),(1598563406645424130,1193757683205607426,1544512015661494274,'2022-12-02 14:23:11','2022-12-02 14:23:11'),(1598563406658007042,1193757683205607426,1561373592808710145,'2022-12-02 14:23:11','2022-12-02 14:23:11'),(1598563406662201346,1193757683205607426,1544387349332606978,'2022-12-02 14:23:11','2022-12-02 14:23:11'),(1598563406662201347,1193757683205607426,1544682292617830402,'2022-12-02 14:23:11','2022-12-02 14:23:11'),(1598563406662201348,1193757683205607426,1544682960921452545,'2022-12-02 14:23:11','2022-12-02 14:23:11'),(1598563406670589953,1193757683205607426,1561374302912765954,'2022-12-02 14:23:11','2022-12-02 14:23:11'),(1598563406670589954,1193757683205607426,1544682397433487361,'2022-12-02 14:23:11','2022-12-02 14:23:11'),(1598563406674784258,1193757683205607426,1544684605457719298,'2022-12-02 14:23:11','2022-12-02 14:23:11'),(1598563406683172866,1193757683205607426,1561369085492191233,'2022-12-02 14:23:11','2022-12-02 14:23:11'),(1598563406683172867,1193757683205607426,1544682756235223041,'2022-12-02 14:23:11','2022-12-02 14:23:11'),(1598563406683172868,1193757683205607426,1561726871807737857,'2022-12-02 14:23:11','2022-12-02 14:23:11'),(1598563406683172869,1193757683205607426,1561734298296926210,'2022-12-02 14:23:11','2022-12-02 14:23:11'),(1598563406687367169,1193757683205607426,1559832166568415234,'2022-12-02 14:23:11','2022-12-02 14:23:11'),(1598563406695755778,1193757683205607426,1561369157969764354,'2022-12-02 14:23:11','2022-12-02 14:23:11'),(1598563406695755779,1193757683205607426,1561726247485587457,'2022-12-02 14:23:11','2022-12-02 14:23:11'),(1598563406695755780,1193757683205607426,1561750411474911233,'2022-12-02 14:23:11','2022-12-02 14:23:11'),(1598563406699950082,1193757683205607426,1561373987538853889,'2022-12-02 14:23:11','2022-12-02 14:23:11'),(1598570125979152386,1193757683205607426,1195351968841568257,'2022-12-02 14:49:53','2022-12-02 14:49:53'),(1598570125979152387,1193757683205607426,1195352215768633346,'2022-12-02 14:49:53','2022-12-02 14:49:53'),(1598570125979152388,1193757683205607426,1195352054917074946,'2022-12-02 14:49:53','2022-12-02 14:49:53'),(1598570125979152389,1193757683205607426,1195352127734386690,'2022-12-02 14:49:53','2022-12-02 14:49:53'),(1598570125983346690,1193757683205607426,1195351862889254913,'2022-12-02 14:49:53','2022-12-02 14:49:53');
/*!40000 ALTER TABLE `acl_role_permission` ENABLE KEYS */;
UNLOCK TABLES;

--
-- Table structure for table `acl_user`
--

DROP TABLE IF EXISTS `acl_user`;
/*!40101 SET @saved_cs_client     = @@character_set_client */;
/*!50503 SET character_set_client = utf8mb4 */;
CREATE TABLE `acl_user` (
  `id` bigint unsigned NOT NULL COMMENT '会员id',
  `username` varchar(20) NOT NULL DEFAULT '' COMMENT '名字',
  `password` varchar(60) NOT NULL DEFAULT '' COMMENT '密码',
  `nick_name` varchar(50) DEFAULT NULL COMMENT '昵称',
  `avatar` varchar(300) DEFAULT NULL COMMENT '用户头像',
  `is_deleted` tinyint unsigned NOT NULL DEFAULT '0' COMMENT '逻辑删除 1（true）已删除， 0（false）未删除',
  `gmt_create` datetime NOT NULL COMMENT '创建时间',
  `gmt_modified` datetime NOT NULL COMMENT '更新时间',
  `random_password` tinyint(1) DEFAULT '1',
  `email` varchar(200) DEFAULT NULL,
  `enable` bit(1) DEFAULT b'1',
  PRIMARY KEY (`id`),
  UNIQUE KEY `uk_username` (`username`)
) ENGINE=InnoDB DEFAULT CHARSET=utf8mb4 COLLATE=utf8mb4_0900_ai_ci COMMENT='用户表';
/*!40101 SET character_set_client = @saved_cs_client */;

--
-- Dumping data for table `acl_user`
--

LOCK TABLES `acl_user` WRITE;
/*!40000 ALTER TABLE `acl_user` DISABLE KEYS */;
INSERT INTO `acl_user` VALUES (1,'admin','$2a$10$zXdu4CEn9IJrS5Lv0cPYHOQCcIRyB3oy2QLwNWqNPUaQptxv7DWVq','admin','',0,'2019-11-01 10:39:47','2019-11-01 10:39:47',0,'406574996@qq.com',_binary ''),(1296657852869406722,'yang','$2a$10$H/WRedXKTI2pJCWYjE48vu/pPwzGQKyhdiP78k5Ywi43exCerEMii','龙达达',NULL,0,'2020-08-21 11:58:18','2020-08-21 11:58:18',1,'406574996@qq.com',_binary ''),(1296658810076688386,'long','96e79218965eb72c92a549dd5a330112','龙达达1',NULL,0,'2020-08-21 12:02:06','2020-08-21 12:02:06',0,'406574996@qq.com',_binary ''),(1534887322360979458,'hasi','96e79218965eb72c92a549dd5a330112','hasi',NULL,0,'2022-06-09 21:17:09','2022-06-09 21:17:09',0,'406574996@qq.com',_binary '');
/*!40000 ALTER TABLE `acl_user` ENABLE KEYS */;
UNLOCK TABLES;

--
-- Table structure for table `acl_user_role`
--

DROP TABLE IF EXISTS `acl_user_role`;
/*!40101 SET @saved_cs_client     = @@character_set_client */;
/*!50503 SET character_set_client = utf8mb4 */;
CREATE TABLE `acl_user_role` (
  `id` bigint unsigned NOT NULL COMMENT '主键id',
  `role_id` bigint unsigned NOT NULL COMMENT '角色id',
  `user_id` bigint unsigned NOT NULL COMMENT '用户id',
  `is_deleted` tinyint unsigned NOT NULL DEFAULT '0' COMMENT '逻辑删除 1（true）已删除， 0（false）未删除',
  `gmt_create` datetime NOT NULL COMMENT '创建时间',
  `gmt_modified` datetime NOT NULL COMMENT '更新时间',
  PRIMARY KEY (`id`),
  KEY `idx_role_id` (`role_id`),
  KEY `idx_user_id` (`user_id`)
) ENGINE=InnoDB DEFAULT CHARSET=utf8mb3;
/*!40101 SET character_set_client = @saved_cs_client */;

--
-- Dumping data for table `acl_user_role`
--

LOCK TABLES `acl_user_role` WRITE;
/*!40000 ALTER TABLE `acl_user_role` DISABLE KEYS */;
INSERT INTO `acl_user_role` VALUES (1,1,2,0,'2019-11-11 13:09:53','2019-11-11 13:09:53'),(1296343056387198977,1296341621322825729,1296342997553696769,0,'2020-08-20 15:07:24','2020-08-20 15:07:24'),(1296657892589465601,1296656642959503361,1296657852869406722,1,'2020-08-21 11:58:27','2020-08-21 11:58:27'),(1296659019410206722,1296658571068469249,1296658810076688386,1,'2020-08-21 12:02:56','2020-08-21 12:02:56'),(1544324369215635458,1534892794140942338,1296658810076688386,1,'2022-07-05 22:16:36','2022-07-05 22:16:36'),(1544325099615928321,1193757683205607426,1534887322360979458,1,'2022-07-05 22:19:31','2022-07-05 22:19:31'),(1544333583828881409,1193757683205607426,1534887322360979458,1,'2022-07-05 22:53:13','2022-07-05 22:53:13'),(1544383760748974082,1296658571068469249,1534887322360979458,1,'2022-07-06 02:12:36','2022-07-06 02:12:36'),(1544383837496348673,1296658571068469249,1534887322360979458,0,'2022-07-06 02:12:55','2022-07-06 02:12:55'),(1544500344918339586,1296656642959503361,1296657852869406722,1,'2022-07-06 09:55:52','2022-07-06 09:55:52'),(1544512155600252929,1534892794140942338,1296658810076688386,0,'2022-07-06 10:42:48','2022-07-06 10:42:48'),(1544512155600252930,1193757683205607426,1296658810076688386,0,'2022-07-06 10:42:48','2022-07-06 10:42:48'),(1544512155600252931,1,1,0,'2022-09-03 23:57:55','2022-09-03 23:57:56'),(1571193914953154562,1296656642959503361,1296657852869406722,1,'2022-09-18 01:46:35','2022-09-18 01:46:35'),(1571194928137617410,1296656642959503361,1296657852869406722,1,'2022-09-18 01:50:37','2022-09-18 01:50:37'),(1571195377217564673,1296656642959503361,1296657852869406722,1,'2022-09-18 01:52:24','2022-09-18 01:52:24'),(1571195791564431362,1296656642959503361,1296657852869406722,1,'2022-09-18 01:54:03','2022-09-18 01:54:03'),(1571201775737344001,1296656642959503361,1296657852869406722,1,'2022-09-18 02:17:50','2022-09-18 02:17:50'),(1571210797982982145,1296656642959503361,1296657852869406722,0,'2022-09-18 02:53:41','2022-09-18 02:53:41');
/*!40000 ALTER TABLE `acl_user_role` ENABLE KEYS */;
UNLOCK TABLES;

--
-- Table structure for table `crm_banner`
--

DROP TABLE IF EXISTS `crm_banner`;
/*!40101 SET @saved_cs_client     = @@character_set_client */;
/*!50503 SET character_set_client = utf8mb4 */;
CREATE TABLE `crm_banner` (
  `id` bigint unsigned NOT NULL COMMENT 'ID',
  `title` varchar(300) NOT NULL DEFAULT '' COMMENT '标题',
  `image_url` varchar(500) DEFAULT '' COMMENT '图片地址',
  `image_outlink_url` varchar(500) DEFAULT '' COMMENT '链接地址',
  `sort` int unsigned NOT NULL DEFAULT '0' COMMENT '排序',
  `is_deleted` tinyint unsigned NOT NULL DEFAULT '0' COMMENT '逻辑删除 1（true）已删除， 0（false）未删除',
  `gmt_create` datetime NOT NULL COMMENT '创建时间',
  `gmt_modified` datetime NOT NULL COMMENT '更新时间',
  `enable` tinyint(1) DEFAULT '1' COMMENT '有效状态，0失效，1有效',
  PRIMARY KEY (`id`)
) ENGINE=InnoDB DEFAULT CHARSET=utf8mb4 COLLATE=utf8mb4_0900_ai_ci COMMENT='首页banner表';
/*!40101 SET character_set_client = @saved_cs_client */;

--
-- Dumping data for table `crm_banner`
--

LOCK TABLES `crm_banner` WRITE;
/*!40000 ALTER TABLE `crm_banner` DISABLE KEYS */;
INSERT INTO `crm_banner` VALUES (1194556896025845762,'The members of lab','http://cellwall.cemps.ac.cn/UPFILE_PATH/upfiles/2018011910365729984.jpg','https://p5.itc.cn/images01/20210818/d86a66ef93ca4505aae69e08abf9f96c.jpeg',1,0,'2019-12-30 18:05:32','2019-12-30 10:28:22',1),(1194607458461216769,'test2','','http://cellwall.cemps.ac.cn/UPFILE_PATH/upfiles/2018012315202578375.jpg',2,0,'2019-11-13 21:26:27','2019-11-14 09:12:15',1);
/*!40000 ALTER TABLE `crm_banner` ENABLE KEYS */;
UNLOCK TABLES;

--
-- Table structure for table `edu_activity`
--

DROP TABLE IF EXISTS `edu_activity`;
/*!40101 SET @saved_cs_client     = @@character_set_client */;
/*!50503 SET character_set_client = utf8mb4 */;
CREATE TABLE `edu_activity` (
  `id` bigint unsigned NOT NULL,
  `title` varchar(400) CHARACTER SET utf8mb4 COLLATE utf8mb4_unicode_ci NOT NULL,
  `activity_date` varchar(30) CHARACTER SET utf8mb4 COLLATE utf8mb4_unicode_ci DEFAULT NULL,
  `author_member_id` bigint unsigned DEFAULT NULL,
  `author_member_name` varchar(40) CHARACTER SET utf8mb4 COLLATE utf8mb4_unicode_ci DEFAULT NULL,
  `is_published` bit(1) NOT NULL DEFAULT b'0',
  `is_modified` bit(1) NOT NULL DEFAULT b'0',
  `gmt_create` datetime DEFAULT NULL,
  `gmt_modified` datetime DEFAULT NULL,
  `review` tinyint NOT NULL DEFAULT '1',
  `is_remove_after_review` bit(1) NOT NULL DEFAULT b'0',
  `enable` bit(1) NOT NULL DEFAULT b'0',
  `version` bigint unsigned DEFAULT '1',
  PRIMARY KEY (`id`)
) ENGINE=InnoDB DEFAULT CHARSET=utf8mb4 COLLATE=utf8mb4_unicode_ci;
/*!40101 SET character_set_client = @saved_cs_client */;

--
-- Dumping data for table `edu_activity`
--

LOCK TABLES `edu_activity` WRITE;
/*!40000 ALTER TABLE `edu_activity` DISABLE KEYS */;
INSERT INTO `edu_activity` VALUES (1559797359176167426,'Test1','2022-07-31',101,'chang liu',_binary '',_binary '','2022-08-17 15:00:45','2022-08-17 15:00:45',4,_binary '\0',_binary '',36),(1617777015980040194,'Test2','2023-3-6',102,'hasi',_binary '',_binary '','2023-01-24 14:51:12','2023-01-24 14:51:12',4,_binary '\0',_binary '',23);
/*!40000 ALTER TABLE `edu_activity` ENABLE KEYS */;
UNLOCK TABLES;

--
-- Table structure for table `edu_activity_markdown`
--

DROP TABLE IF EXISTS `edu_activity_markdown`;
/*!40101 SET @saved_cs_client     = @@character_set_client */;
/*!50503 SET character_set_client = utf8mb4 */;
CREATE TABLE `edu_activity_markdown` (
  `id` bigint unsigned NOT NULL,
  `markdown` text CHARACTER SET utf8mb4 COLLATE utf8mb4_unicode_ci,
  `html_br_base64` mediumtext COLLATE utf8mb4_unicode_ci,
  PRIMARY KEY (`id`)
) ENGINE=InnoDB DEFAULT CHARSET=utf8mb4 COLLATE=utf8mb4_unicode_ci;
/*!40101 SET character_set_client = @saved_cs_client */;

--
-- Dumping data for table `edu_activity_markdown`
--

LOCK TABLES `edu_activity_markdown` WRITE;
/*!40000 ALTER TABLE `edu_activity_markdown` DISABLE KEYS */;
INSERT INTO `edu_activity_markdown` VALUES (1559797359176167426,'# 研究简介\n## 成立时间\n## 简\n# chapter one\n## section one\n\n```mermaid\ngraph LR\nA[Square Rect] -- Link text --> B((Circle))\nA --> C(Round Rect)\nB --> D{Rhombus}\nC --> D\n```\nYou can render LaTeX mathematical expressions using [KaTeX](https://khan.github.io/KaTeX/):\n\nThe *Gamma function* satisfying $\\Gamma(n) = (n-1)!\\quad\\forall n\\in\\mathbb N$ is via the Euler integral\n\n$$\n\\Gamma(z) = \\int_0^\\infty t^{z-1}e^{-t}dt\\,.\n$$\n\n> You can find more information about **LaTeX** mathematical expressions [here](http://meta.math.stackexchange.com/questions/5020/mathjax-basic-tutorial-and-quick-reference).\n\n|                |ASCII                          |HTML                         |\n|----------------|-------------------------------|-----------------------------|\n|Single backticks|`\'Isn\'t this fun?\'`            |\'Isn\'t this fun?\'            |\n|Quotes          |`\"Isn\'t this fun?\"`            |\"Isn\'t this fun?\"            |\n|Dashes          |`-- is en-dash, --- is em-dash`|-- is en-dash, --- is em-dash|\n\n\n![f0cfe400c95141d9bf0b54ba96fea03c.jpg](https://changliulab.oss-cn-beijing.aliyuncs.com/f0cfe400c95141d9bf0b54ba96fea03c.jpg)','eJztW0mP3MYVvvtXlGgYloCu6irunOnpQBrJsZFRnFgyYgOCAzZZ3U0Nm2xxmUUDAToq8CVIAvgW5BoYyCnwJf8hP8IILORf5FUVyd7YyyyWBMdjq9ms5b1X73tbFdm9MDpBQezn+YE28bPjMD1N8CANz7V+b8z6r//2l9d//+71P17+519f97rQ8F5vrPd/ePXH199+/cM33/33m39Cq65aYVR9w/rB2J8WPENpwmfzch4UUZpUjWLkHPfBecEnIZ7wbOJHoYby4jzmB1ocJRyPeTQaF3soSqIi8uN9EC4/GSE/i3ycpTEPeR5k0VQQP9CGcXoK7LMCn+gaOon46b307EDDLoL/TdcljHqGYyFm2cRhrmM1vCb+GT6NwmK8NzdueravobNJnOR7ZyDM8YE2LorpXrd7enpKTg2SZqMu8zyvK3uroW2DdEppF8TWkORxoDFKP9BQFC6vHTPbsRyPMeqalompWK0QsP/+5nEXwzQp8NCfRPH5nlZkfFAGY16gSa51TngW+onfESqLO7mf5DjnWTTcl3Py6DnfYzYsdRjF8d77hmHsv9jCDRGeZWmGoyBNLtQ0y9Lhb+eZBT8rFmfmRZYe88sQCkccF+MoOE54nuMkhXHxhSJTQanDqi5NSH5bpGMQa3dKU78A609wnsZRWNMJ/RzMMvPP9+hl6YipvIXQTjAtEErh2kJoF2WL+MCzi8ZEhJXUiFW3uxIhQZbm+cVlZ4P33ISRb5cy9gc8vhKrII3TbFcPCuIyB1iwZIfm/OEq0/Opn1xciv2MbWer5gXxmWyXYpOkIUcZxP6tXNTQIMqCmO84mMdxNM13HT1N4/NRmuw62i/G1aIfHD44/OijxtwhMdD79/YXAgTbybIk4cq+hOaxH0ejZC/gCSC543wAHsKTP4j5RVBmOSAxTaMd54O7p6dj7oe/mS1uZ+cVoUTMQ0SqZsl9F8MuoTvpY5atRfpcJinlS6Be2FG4I6nXgR8cj7K0TEJcGSp3xX/7V1F4Q1aa8EU69YOogBBOrP21fJRaq5ud/VgxUHOH8Bfyxt58+FvW8G72VtO+anC5fFiBmo5UfY/TNC6i6cU0zSNRnO35A8iIZcFbkJgVX1AowdKmfhhGyUjm72vGfEFihtXeOI9vu7SDRP3VQZ5NdMe0qOdSw/vgzv4gzUKeCe0imb1RrXzVgTM/jMpcilV5HeYnsIRc2elzHCUhP9sD4pex/sdREfPHAiOlmSQYg8InURjGfH4p7uVqtL0sTYsL3PRfRZEvel1VfvZG/Z5K3yjNIljygeaXRaoh1fixLNKhrNXrlt9VdW7T8DnU71Abl0D4EfgR/zT5POca2P3wywPNkl++EHXxXNlOEQWgkGib26aACI3qVAk9iyMSlQdJCGWziFJ1cb/gO4jto5UaCLEOovsNHxkpH0pmIuZpCLg8REKeIyGRBRcp2nNg1BWc4KJkezNqugEtPSpEz4+kJ0vpiVX6urqi2LKi2CXtiV1LU6ocUQalvt+cqjIpZnCuLmfiAspRXN6wlvBNaKk2qJ+gnoje2JO+rCmGBJVFTckdzgZ9ie5tUUq/qvexDkMx8joegu9U3mC4e8MOOFPZqnFdVWXbQ9YbUNqoJiTSqzZ3XxVNuZgzmmuvC+e8llxRwjwBzmUW335/NX/dac6lZlWwNk9w5eADrZ49oMX6Gh09wnfR0QN8Tyn3CN/F9zBVCnBdohtUN6luUduzDadjeQSKImrr1pHnEYdCkcRMy/WYYVsdyyCebjku061DxhhhDnN03bYdZlCPdUyXiK4OM0zCmKFTi7qGZVum2zFcYrmWOFzrMAuY2rphMAdqFtMzO4ZBTEe3LVuQdXViMsFS7QcMs6O7xFBTdeoQx3Z13WO2+pvv1CkxTdtu5s7NPAJ2RIjWtMwgfifAOZyBc7geHM/YAI7nEmbphgmLawOHUYMoHbfhA7fE9HRxNgoAWYTazIWS0rEYs6kD3S6xqWXariDu2IQyatYYAApMN9TBaod5JvHmQAAUZp06NQEic27yrPNIZ8K6FJG68d1B6Z5A6X6N0j18v0ZJdz3imtIAZ9bmOURXZ8mz1kMDVq+cZ85qDeYRY6kJ4DGpberMtD2HOsJDdOLBINf1oMlynUPD9IhFqWHqnuGZDCZ2DIeYtuVSEMjwmAMUOoYNYFiGRNJ1DeZ2TBtE0MGsHGgxTFeHaTqxXcDWdE3XMjy3YzHhKoCTY5iOZ1j6keGCa1FHByLgn6YDYyxiOy6ws13miKPbdwiqwwWoDmdQgR8QKm14zuwMMDswPau2SGfWdwghisDadVoHozlbNnQLvrXOAwQdcBfbM0HRgDqDeQJmA0KU7jCJqdUGIcQ94pngkZbZoLoCIaM2+LZu2XWL3YIho4wAPhQE9GQLawERrNTwwKJsQzY47lzeW05l8jwkl4mvyGCnOARADjT5NfYLfptZDqkCRAc1tnxHW6GxngQ2GHFtpUFIw2RudlzNhClQoSSfDp7yoEDjulrxmgcsNkAgQyAMFk+aKgMLo3wai6IgSuTTpUGcBsf76HQcFRznoozZQ0l6mvnT/Q2Pc9Qzn3ExEaKIQ5KWxR0JIxQbethCwwjQJIgBnwuSK/2263i9figUNLuqhDYaoW9LEz8r4GcF7KKABSWIs+4NUcaiRGVVJGoQVQrdWd403MXM1uYJopAP/TIu6ivQz+ZVZZjzD2iJekB8LrYwDmgArjVb2NucS81mZ/JSabRhNvDzKEASFxykSeGDfjOhh0yueF3cM3WiMn8d9Zbp7hz+XItUZdObA1xouAL80bPSzzj6DKTb1fhbNaLbjJiqqFrIJYs435P4bMa5OpVoQXr2KkB2oM22BWsQnjt6WIcibD/cG4LRZE35+1ZwPJRLvTEIm8JoBcJDLFZ9NVf1LFGmLjqq6RCxw1EoWgpF6+b8FMKA2D9d302pFP0tofuZeCRyfSeF+rTezmyKxvexzrZBXD2jnSm0Xf/gspbcK9VflnLhHJZIbjJy6eZqjjiAMhR+DSHU9OK6E9FZtyyHlWgbilYdls5uwiqg0hcSvDWzGKeTQZnvnrSbf/nJqBr/Xm/a/zItUQAcMtj78Qwd+Y/5F7AdLMYcPqJA7OLOphls6qI0yVGZR8kI9Xw0zvhQiZ6D7MdjPyGjqBiXAxKl3V8JIl2tL6+9rt/fA2Qkt8djjnp80v+lP5n4aFgm8n2zXheaUA788uG5ZDC/6InaoBZjrJS6pJNjwPWsrQ2LOVKFksImbbvdhzBEfjw8ErRg8QmsPoe5WXoKn5GU4EQ8exOnsGqDq/X//ededxJBfyqONHkRjCGSDf04BylvQ1cqpvaT9YPuVIPS/kH9bSdK/e9f/alqTfoMviVb6K923aq6pFk2FRWfCD9SjevX/f2rl5UkizK9qiVdnBam5SAGByiyMjjW+r9WM7pKt36SpIUv3zvkSZCKZ8oHmj+dxmB9orV7hiXCT6TR3E7uoAN0O8Hszq0nUMCET8Dm/ThGyZMoeSK4DgYIGMyoCpOf4dmdqB2zcptVo5Fep15cHEdhyBMRPsplo4OUtNwkFlc08aR+IRL0uY9OeCZdqXqejjAlugUdWqsckzQLlWW19U15Ig2ifZ5Uew1S0joqiNPKMFo6Jexzr1tmoyjBmVoKCO047nqxMxGWDm6CbAuJH1fh11bqlgXC33rugyjRlDtfn/Ab15wwVbbRzm5del1sCz8ZfH4sqLabuIxyb9fIKbFd19uoJqRCoQy2CwzbLijK0UnkI8j66EEZQx0g3psZQVxViXvhHfQ6G1e1Tmvq3dB3o6kaVYxAd6LSuvnU/fwyqTsvB3k5rVLht016plV6XptL/1rnw4aA+oz6RcW+WslMnLb8X+XT7mSRBl+gMT+zob80M+qHTXZXI75/+Ye18pPrZPPnIptD5i5+T7+Cy7A4R8VXF88xe8G/usDFi7B40iE/Z/N4bVyhpil5P/9/TPY6MXRbXwOKx9imEDnVVlpQOsX5+WSQxigGsTmGQevWYZqmAB01b07CDgq2mNEJ30dFOpUSUMpULpPRoE1V5RRcfkmQkzjKC1yg6qq3dmdtrav2SkxmGkoJ86ObgUpS8fDJlbZdrTLmw0KuoF7litVZq0Sn6zBy1qKQR8/Fdg+2l1y9P2kj8WmgSSEmryAkXKLqoe35bMMqDfG6g/durkbmgA1petUAcpj08uutw3azk3lnWdDgxqphA/MtQYDZ9no1qoi5ubQrLu1O1/AiSlzbZFu9yBBvabyb5rVJmfWgqyUY2LzMGXH7HmZeEnYJg9puZTtYCn/DlmIa9k/MUnZBd8WaZh56U0AvoBruNGpNlLhuaCI7rUIdsMptybMyLfjCaeswSkDUNOOw0RJn1Kpg9gdpWaCeeDkyGfWP1Olpdbf+THbhNBb2SxNe+ESMJnnhB8f8LBj7yYiTIJ10n5U8F6zyrkV1Kqvnp/4Zlk9YcFEWqfhtAfaTED8ro+AYA12eQR0P5dgYvoizXKK2hN35la396xXiR1D9XiF+0ASXTHwF5YgP+Hf30eEnnzR3Hz9+eKRuumJgt54kfu1czQ37j8CyY47Er0VAFcc5DAtlRw82G7z/4Sd58mEBG1nY0Q7L5Bcf9rqyvRnWMkD0SI4Vi9+KRS0T1pbmacuEWwYsE74vfiS6TBhjsfvm6iekHYSr+4m8X2ayZXDDsFsprav0L0yvF01GKM+C2am9tIs4KmN/QNI8x0GCBzx6CgomUEWfl0mQS6MZ0mDITUoDz2ImC73BkA4sc+B79pD71AjI0+kINlkx7Al3Giqe0/R7tzDWMa4c5X/EMm8Z'),(1617770416297222146,NULL,'eJyzScksU0jOSSwutlXKTSzKTskvz9NNyk+pVLKzKbBzTckssdEvsLNR1NU11NW1s9EHKrcDANe5EKg='),(1617777015980040194,'Please edit on the left window\n\n# test modi','eJwNzMEJgDAMQNG7U0Tvoeg5ZgZXqCbSYm3FBsXt7fHD45PEB7bka52H09+HlDfjWuQbmC5ekvqqoBINSgYLCkl3gzfmBsld3FEY2bQanEUiuVbUI06ITK69+Qd2aCAM');
/*!40000 ALTER TABLE `edu_activity_markdown` ENABLE KEYS */;
UNLOCK TABLES;

--
-- Table structure for table `edu_activity_published`
--

DROP TABLE IF EXISTS `edu_activity_published`;
/*!40101 SET @saved_cs_client     = @@character_set_client */;
/*!50503 SET character_set_client = utf8mb4 */;
CREATE TABLE `edu_activity_published` (
  `id` bigint unsigned NOT NULL,
  `title` varchar(400) COLLATE utf8mb4_unicode_ci NOT NULL,
  `activity_date` varchar(30) COLLATE utf8mb4_unicode_ci DEFAULT NULL,
  `author_member_id` bigint unsigned DEFAULT NULL,
  `author_member_name` varchar(40) COLLATE utf8mb4_unicode_ci DEFAULT NULL,
  `is_published` bit(1) NOT NULL DEFAULT b'0',
  `enable` bit(1) NOT NULL DEFAULT b'1',
  `gmt_create` datetime DEFAULT NULL,
  `gmt_modified` datetime DEFAULT NULL,
  PRIMARY KEY (`id`)
) ENGINE=InnoDB DEFAULT CHARSET=utf8mb4 COLLATE=utf8mb4_unicode_ci;
/*!40101 SET character_set_client = @saved_cs_client */;

--
-- Dumping data for table `edu_activity_published`
--

LOCK TABLES `edu_activity_published` WRITE;
/*!40000 ALTER TABLE `edu_activity_published` DISABLE KEYS */;
INSERT INTO `edu_activity_published` VALUES (1559797359176167426,'Test1','2022-07-31',101,'chang liu',_binary '',_binary '','2022-08-17 15:00:45','2022-08-17 15:00:45'),(1617777015980040194,'Test2','2023-3-6',102,'hasi',_binary '',_binary '','2023-01-24 14:51:12','2023-01-24 14:51:12');
/*!40000 ALTER TABLE `edu_activity_published` ENABLE KEYS */;
UNLOCK TABLES;

--
-- Table structure for table `edu_activity_published_md`
--

DROP TABLE IF EXISTS `edu_activity_published_md`;
/*!40101 SET @saved_cs_client     = @@character_set_client */;
/*!50503 SET character_set_client = utf8mb4 */;
CREATE TABLE `edu_activity_published_md` (
  `id` bigint unsigned NOT NULL,
  `markdown` text COLLATE utf8mb4_unicode_ci,
  `html_br_base64` mediumtext COLLATE utf8mb4_unicode_ci,
  PRIMARY KEY (`id`)
) ENGINE=InnoDB DEFAULT CHARSET=utf8mb4 COLLATE=utf8mb4_unicode_ci;
/*!40101 SET character_set_client = @saved_cs_client */;

--
-- Dumping data for table `edu_activity_published_md`
--

LOCK TABLES `edu_activity_published_md` WRITE;
/*!40000 ALTER TABLE `edu_activity_published_md` DISABLE KEYS */;
INSERT INTO `edu_activity_published_md` VALUES (1559797359176167426,'# 研究简介\n## 成立时间\n## 简\n# chapter one\n## section one\n\n```mermaid\ngraph LR\nA[Square Rect] -- Link text --> B((Circle))\nA --> C(Round Rect)\nB --> D{Rhombus}\nC --> D\n```\nYou can render LaTeX mathematical expressions using [KaTeX](https://khan.github.io/KaTeX/):\n\nThe *Gamma function* satisfying $\\Gamma(n) = (n-1)!\\quad\\forall n\\in\\mathbb N$ is via the Euler integral\n\n$$\n\\Gamma(z) = \\int_0^\\infty t^{z-1}e^{-t}dt\\,.\n$$\n\n> You can find more information about **LaTeX** mathematical expressions [here](http://meta.math.stackexchange.com/questions/5020/mathjax-basic-tutorial-and-quick-reference).\n\n|                |ASCII                          |HTML                         |\n|----------------|-------------------------------|-----------------------------|\n|Single backticks|`\'Isn\'t this fun?\'`            |\'Isn\'t this fun?\'            |\n|Quotes          |`\"Isn\'t this fun?\"`            |\"Isn\'t this fun?\"            |\n|Dashes          |`-- is en-dash, --- is em-dash`|-- is en-dash, --- is em-dash|\n\n\n![f0cfe400c95141d9bf0b54ba96fea03c.jpg](https://changliulab.oss-cn-beijing.aliyuncs.com/f0cfe400c95141d9bf0b54ba96fea03c.jpg)','eJztW0mP3MYVvvtXlGgYloCu6irunOnpQBrJsZFRnFgyYgOCAzZZ3U0Nm2xxmUUDAToq8CVIAvgW5BoYyCnwJf8hP8IILORf5FUVyd7YyyyWBMdjq9ms5b1X73tbFdm9MDpBQezn+YE28bPjMD1N8CANz7V+b8z6r//2l9d//+71P17+519f97rQ8F5vrPd/ePXH199+/cM33/33m39Cq65aYVR9w/rB2J8WPENpwmfzch4UUZpUjWLkHPfBecEnIZ7wbOJHoYby4jzmB1ocJRyPeTQaF3soSqIi8uN9EC4/GSE/i3ycpTEPeR5k0VQQP9CGcXoK7LMCn+gaOon46b307EDDLoL/TdcljHqGYyFm2cRhrmM1vCb+GT6NwmK8NzdueravobNJnOR7ZyDM8YE2LorpXrd7enpKTg2SZqMu8zyvK3uroW2DdEppF8TWkORxoDFKP9BQFC6vHTPbsRyPMeqalompWK0QsP/+5nEXwzQp8NCfRPH5nlZkfFAGY16gSa51TngW+onfESqLO7mf5DjnWTTcl3Py6DnfYzYsdRjF8d77hmHsv9jCDRGeZWmGoyBNLtQ0y9Lhb+eZBT8rFmfmRZYe88sQCkccF+MoOE54nuMkhXHxhSJTQanDqi5NSH5bpGMQa3dKU78A609wnsZRWNMJ/RzMMvPP9+hl6YipvIXQTjAtEErh2kJoF2WL+MCzi8ZEhJXUiFW3uxIhQZbm+cVlZ4P33ISRb5cy9gc8vhKrII3TbFcPCuIyB1iwZIfm/OEq0/Opn1xciv2MbWer5gXxmWyXYpOkIUcZxP6tXNTQIMqCmO84mMdxNM13HT1N4/NRmuw62i/G1aIfHD44/OijxtwhMdD79/YXAgTbybIk4cq+hOaxH0ejZC/gCSC543wAHsKTP4j5RVBmOSAxTaMd54O7p6dj7oe/mS1uZ+cVoUTMQ0SqZsl9F8MuoTvpY5atRfpcJinlS6Be2FG4I6nXgR8cj7K0TEJcGSp3xX/7V1F4Q1aa8EU69YOogBBOrP21fJRaq5ud/VgxUHOH8Bfyxt58+FvW8G72VtO+anC5fFiBmo5UfY/TNC6i6cU0zSNRnO35A8iIZcFbkJgVX1AowdKmfhhGyUjm72vGfEFihtXeOI9vu7SDRP3VQZ5NdMe0qOdSw/vgzv4gzUKeCe0imb1RrXzVgTM/jMpcilV5HeYnsIRc2elzHCUhP9sD4pex/sdREfPHAiOlmSQYg8InURjGfH4p7uVqtL0sTYsL3PRfRZEvel1VfvZG/Z5K3yjNIljygeaXRaoh1fixLNKhrNXrlt9VdW7T8DnU71Abl0D4EfgR/zT5POca2P3wywPNkl++EHXxXNlOEQWgkGib26aACI3qVAk9iyMSlQdJCGWziFJ1cb/gO4jto5UaCLEOovsNHxkpH0pmIuZpCLg8REKeIyGRBRcp2nNg1BWc4KJkezNqugEtPSpEz4+kJ0vpiVX6urqi2LKi2CXtiV1LU6ocUQalvt+cqjIpZnCuLmfiAspRXN6wlvBNaKk2qJ+gnoje2JO+rCmGBJVFTckdzgZ9ie5tUUq/qvexDkMx8joegu9U3mC4e8MOOFPZqnFdVWXbQ9YbUNqoJiTSqzZ3XxVNuZgzmmuvC+e8llxRwjwBzmUW335/NX/dac6lZlWwNk9w5eADrZ49oMX6Gh09wnfR0QN8Tyn3CN/F9zBVCnBdohtUN6luUduzDadjeQSKImrr1pHnEYdCkcRMy/WYYVsdyyCebjku061DxhhhDnN03bYdZlCPdUyXiK4OM0zCmKFTi7qGZVum2zFcYrmWOFzrMAuY2rphMAdqFtMzO4ZBTEe3LVuQdXViMsFS7QcMs6O7xFBTdeoQx3Z13WO2+pvv1CkxTdtu5s7NPAJ2RIjWtMwgfifAOZyBc7geHM/YAI7nEmbphgmLawOHUYMoHbfhA7fE9HRxNgoAWYTazIWS0rEYs6kD3S6xqWXariDu2IQyatYYAApMN9TBaod5JvHmQAAUZp06NQEic27yrPNIZ8K6FJG68d1B6Z5A6X6N0j18v0ZJdz3imtIAZ9bmOURXZ8mz1kMDVq+cZ85qDeYRY6kJ4DGpberMtD2HOsJDdOLBINf1oMlynUPD9IhFqWHqnuGZDCZ2DIeYtuVSEMjwmAMUOoYNYFiGRNJ1DeZ2TBtE0MGsHGgxTFeHaTqxXcDWdE3XMjy3YzHhKoCTY5iOZ1j6keGCa1FHByLgn6YDYyxiOy6ws13miKPbdwiqwwWoDmdQgR8QKm14zuwMMDswPau2SGfWdwghisDadVoHozlbNnQLvrXOAwQdcBfbM0HRgDqDeQJmA0KU7jCJqdUGIcQ94pngkZbZoLoCIaM2+LZu2XWL3YIho4wAPhQE9GQLawERrNTwwKJsQzY47lzeW05l8jwkl4mvyGCnOARADjT5NfYLfptZDqkCRAc1tnxHW6GxngQ2GHFtpUFIw2RudlzNhClQoSSfDp7yoEDjulrxmgcsNkAgQyAMFk+aKgMLo3wai6IgSuTTpUGcBsf76HQcFRznoozZQ0l6mvnT/Q2Pc9Qzn3ExEaKIQ5KWxR0JIxQbethCwwjQJIgBnwuSK/2263i9figUNLuqhDYaoW9LEz8r4GcF7KKABSWIs+4NUcaiRGVVJGoQVQrdWd403MXM1uYJopAP/TIu6ivQz+ZVZZjzD2iJekB8LrYwDmgArjVb2NucS81mZ/JSabRhNvDzKEASFxykSeGDfjOhh0yueF3cM3WiMn8d9Zbp7hz+XItUZdObA1xouAL80bPSzzj6DKTb1fhbNaLbjJiqqFrIJYs435P4bMa5OpVoQXr2KkB2oM22BWsQnjt6WIcibD/cG4LRZE35+1ZwPJRLvTEIm8JoBcJDLFZ9NVf1LFGmLjqq6RCxw1EoWgpF6+b8FMKA2D9d302pFP0tofuZeCRyfSeF+rTezmyKxvexzrZBXD2jnSm0Xf/gspbcK9VflnLhHJZIbjJy6eZqjjiAMhR+DSHU9OK6E9FZtyyHlWgbilYdls5uwiqg0hcSvDWzGKeTQZnvnrSbf/nJqBr/Xm/a/zItUQAcMtj78Qwd+Y/5F7AdLMYcPqJA7OLOphls6qI0yVGZR8kI9Xw0zvhQiZ6D7MdjPyGjqBiXAxKl3V8JIl2tL6+9rt/fA2Qkt8djjnp80v+lP5n4aFgm8n2zXheaUA788uG5ZDC/6InaoBZjrJS6pJNjwPWsrQ2LOVKFksImbbvdhzBEfjw8ErRg8QmsPoe5WXoKn5GU4EQ8exOnsGqDq/X//ededxJBfyqONHkRjCGSDf04BylvQ1cqpvaT9YPuVIPS/kH9bSdK/e9f/alqTfoMviVb6K923aq6pFk2FRWfCD9SjevX/f2rl5UkizK9qiVdnBam5SAGByiyMjjW+r9WM7pKt36SpIUv3zvkSZCKZ8oHmj+dxmB9orV7hiXCT6TR3E7uoAN0O8Hszq0nUMCET8Dm/ThGyZMoeSK4DgYIGMyoCpOf4dmdqB2zcptVo5Fep15cHEdhyBMRPsplo4OUtNwkFlc08aR+IRL0uY9OeCZdqXqejjAlugUdWqsckzQLlWW19U15Ig2ifZ5Uew1S0joqiNPKMFo6Jexzr1tmoyjBmVoKCO047nqxMxGWDm6CbAuJH1fh11bqlgXC33rugyjRlDtfn/Ab15wwVbbRzm5del1sCz8ZfH4sqLabuIxyb9fIKbFd19uoJqRCoQy2CwzbLijK0UnkI8j66EEZQx0g3psZQVxViXvhHfQ6G1e1Tmvq3dB3o6kaVYxAd6LSuvnU/fwyqTsvB3k5rVLht016plV6XptL/1rnw4aA+oz6RcW+WslMnLb8X+XT7mSRBl+gMT+zob80M+qHTXZXI75/+Ye18pPrZPPnIptD5i5+T7+Cy7A4R8VXF88xe8G/usDFi7B40iE/Z/N4bVyhpil5P/9/TPY6MXRbXwOKx9imEDnVVlpQOsX5+WSQxigGsTmGQevWYZqmAB01b07CDgq2mNEJ30dFOpUSUMpULpPRoE1V5RRcfkmQkzjKC1yg6qq3dmdtrav2SkxmGkoJ86ObgUpS8fDJlbZdrTLmw0KuoF7litVZq0Sn6zBy1qKQR8/Fdg+2l1y9P2kj8WmgSSEmryAkXKLqoe35bMMqDfG6g/durkbmgA1petUAcpj08uutw3azk3lnWdDgxqphA/MtQYDZ9no1qoi5ubQrLu1O1/AiSlzbZFu9yBBvabyb5rVJmfWgqyUY2LzMGXH7HmZeEnYJg9puZTtYCn/DlmIa9k/MUnZBd8WaZh56U0AvoBruNGpNlLhuaCI7rUIdsMptybMyLfjCaeswSkDUNOOw0RJn1Kpg9gdpWaCeeDkyGfWP1Olpdbf+THbhNBb2SxNe+ESMJnnhB8f8LBj7yYiTIJ10n5U8F6zyrkV1Kqvnp/4Zlk9YcFEWqfhtAfaTED8ro+AYA12eQR0P5dgYvoizXKK2hN35la396xXiR1D9XiF+0ASXTHwF5YgP+Hf30eEnnzR3Hz9+eKRuumJgt54kfu1czQ37j8CyY47Er0VAFcc5DAtlRw82G7z/4Sd58mEBG1nY0Q7L5Bcf9rqyvRnWMkD0SI4Vi9+KRS0T1pbmacuEWwYsE74vfiS6TBhjsfvm6iekHYSr+4m8X2ayZXDDsFsprav0L0yvF01GKM+C2am9tIs4KmN/QNI8x0GCBzx6CgomUEWfl0mQS6MZ0mDITUoDz2ImC73BkA4sc+B79pD71AjI0+kINlkx7Al3Giqe0/R7tzDWMa4c5X/EMm8Z'),(1617777015980040194,'Please edit on the left window\n\n# test modi','eJwNzMEJgDAMQNG7U0Tvoeg5ZgZXqCbSYm3FBsXt7fHD45PEB7bka52H09+HlDfjWuQbmC5ekvqqoBINSgYLCkl3gzfmBsld3FEY2bQanEUiuVbUI06ITK69+Qd2aCAM');
/*!40000 ALTER TABLE `edu_activity_published_md` ENABLE KEYS */;
UNLOCK TABLES;

--
-- Table structure for table `edu_chapter`
--

DROP TABLE IF EXISTS `edu_chapter`;
/*!40101 SET @saved_cs_client     = @@character_set_client */;
/*!50503 SET character_set_client = utf8mb4 */;
CREATE TABLE `edu_chapter` (
  `id` bigint unsigned NOT NULL COMMENT '章节ID',
  `course_id` bigint unsigned NOT NULL COMMENT '课程ID',
  `title` varchar(200) NOT NULL COMMENT '章节名称',
  `is_published` tinyint(1) NOT NULL DEFAULT '0' COMMENT '课程状态 0未发布  1已发布',
  `is_modified` tinyint(1) DEFAULT '0' COMMENT ' 1（true）modified since publish， 0（false）not modified since publish',
  `review` tinyint DEFAULT '1' COMMENT '0- , 1 request for review , 2 review request rejected',
  `sort` int unsigned NOT NULL DEFAULT '0' COMMENT '显示排序',
  `gmt_create` datetime NOT NULL COMMENT '创建时间',
  `gmt_modified` datetime NOT NULL COMMENT '更新时间',
  `is_remove_after_review` tinyint(1) NOT NULL DEFAULT '0' COMMENT '1 when delete in edit, will affect after review',
  PRIMARY KEY (`id`),
  KEY `idx_course_id` (`course_id`)
) ENGINE=InnoDB DEFAULT CHARSET=utf8mb4 COLLATE=utf8mb4_0900_ai_ci ROW_FORMAT=COMPACT COMMENT='课程';
/*!40101 SET character_set_client = @saved_cs_client */;

--
-- Dumping data for table `edu_chapter`
--

LOCK TABLES `edu_chapter` WRITE;
/*!40000 ALTER TABLE `edu_chapter` DISABLE KEYS */;
INSERT INTO `edu_chapter` VALUES (1,14,'chapter One：HTML',1,0,2,0,'2018-12-30 12:27:40','2018-12-30 12:55:30',0),(3,14,'第二章：CSS',0,0,3,1,'2018-12-30 12:55:35','2018-12-30 12:27:40',0),(1192252428399751169,1192252213659774977,'Chapter One',1,1,2,0,'2018-12-30 09:28:25','2018-12-30 09:28:25',0),(1525681593997549570,1525681568466821122,'111',0,0,1,1,'2022-05-15 11:36:52','2022-05-15 11:36:52',0),(1536721317721788418,1192252213659774977,'Chapter two',0,1,2,0,'2022-06-14 22:44:48','2022-06-14 22:44:48',0),(1570070455451652098,14,'New Chapter',0,0,2,0,'2022-09-14 23:22:22','2022-09-14 23:22:22',0),(1570070590818619393,14,'New Chapter',1,0,4,0,'2022-09-14 23:22:54','2022-09-14 23:22:54',0),(1570070596346712065,14,'New Chapter',0,0,3,0,'2022-09-14 23:22:55','2022-09-14 23:22:55',0),(1570085355787915265,14,'New Chapter',1,0,4,0,'2022-09-15 00:21:34','2022-09-15 00:21:34',0),(1570770838473940994,14,'New Chapter',0,0,3,10,'2022-09-16 21:45:26','2022-09-16 21:45:26',1),(1570770846036271106,14,'New Chapter',0,0,3,11,'2022-09-16 21:45:28','2022-09-16 21:45:28',1),(1570770850482233346,14,'New Chapter',0,0,3,12,'2022-09-16 21:45:29','2022-09-16 21:45:29',1),(1574019368193900545,14,'New Chapter',0,0,3,13,'2022-09-25 20:53:56','2022-09-25 20:53:56',1),(1574020884254441474,14,'New Chapter',0,0,3,14,'2022-09-25 20:59:57','2022-09-25 20:59:57',1),(1576968767102640130,15,'New Chapter',1,1,2,1,'2022-10-04 00:13:47','2022-10-04 00:13:47',0);
/*!40000 ALTER TABLE `edu_chapter` ENABLE KEYS */;
UNLOCK TABLES;

--
-- Table structure for table `edu_chapter_description`
--

DROP TABLE IF EXISTS `edu_chapter_description`;
/*!40101 SET @saved_cs_client     = @@character_set_client */;
/*!50503 SET character_set_client = utf8mb4 */;
CREATE TABLE `edu_chapter_description` (
  `id` bigint unsigned NOT NULL,
  `description` varchar(2000) DEFAULT NULL,
  PRIMARY KEY (`id`)
) ENGINE=InnoDB DEFAULT CHARSET=utf8mb4 COLLATE=utf8mb4_0900_ai_ci;
/*!40101 SET character_set_client = @saved_cs_client */;

--
-- Dumping data for table `edu_chapter_description`
--

LOCK TABLES `edu_chapter_description` WRITE;
/*!40000 ALTER TABLE `edu_chapter_description` DISABLE KEYS */;
INSERT INTO `edu_chapter_description` VALUES (1,'chapter basic description for html'),(3,'Please Edit'),(1192252428399751169,'Please Edit\nsdfsdf'),(1525681593997549570,'Please Edit'),(1536721317721788418,'Please Edit\n\n\nsdf12\n\n\n\n\n\n'),(1570070455451652098,'Please Edit'),(1570070590818619393,'Please Edit'),(1570070596346712065,'Please Edit'),(1570085355787915265,'Please Edit'),(1570770838473940994,'Please Edit'),(1570770846036271106,'Please Edit'),(1570770850482233346,'Please Edit'),(1574019368193900545,'Please Edit'),(1574020884254441474,'Please Edit'),(1576968767102640130,'sdfawerr');
/*!40000 ALTER TABLE `edu_chapter_description` ENABLE KEYS */;
UNLOCK TABLES;

--
-- Table structure for table `edu_chapter_published`
--

DROP TABLE IF EXISTS `edu_chapter_published`;
/*!40101 SET @saved_cs_client     = @@character_set_client */;
/*!50503 SET character_set_client = utf8mb4 */;
CREATE TABLE `edu_chapter_published` (
  `id` bigint unsigned NOT NULL COMMENT '章节ID',
  `course_id` bigint unsigned NOT NULL COMMENT '课程ID',
  `title` varchar(200) NOT NULL COMMENT '章节名称',
  `sort` int unsigned NOT NULL DEFAULT '0' COMMENT '显示排序',
  `gmt_create` datetime NOT NULL COMMENT '创建时间',
  `gmt_modified` datetime NOT NULL COMMENT '更新时间',
  PRIMARY KEY (`id`),
  KEY `idx_course_id` (`course_id`)
) ENGINE=InnoDB DEFAULT CHARSET=utf8mb4 COLLATE=utf8mb4_0900_ai_ci ROW_FORMAT=COMPACT COMMENT='课程';
/*!40101 SET character_set_client = @saved_cs_client */;

--
-- Dumping data for table `edu_chapter_published`
--

LOCK TABLES `edu_chapter_published` WRITE;
/*!40000 ALTER TABLE `edu_chapter_published` DISABLE KEYS */;
INSERT INTO `edu_chapter_published` VALUES (1,14,'chapter One：HTML',0,'2018-12-30 12:27:40','2018-12-30 12:55:30'),(1192252428399751169,1192252213659774977,'Chapter One',0,'2018-12-30 09:28:25','2018-12-30 09:28:25'),(1570070590818619393,14,'New Chapter',0,'2022-09-14 23:22:54','2022-09-14 23:22:54'),(1570085355787915265,14,'New Chapter',0,'2022-09-15 00:21:34','2022-09-15 00:21:34'),(1576968767102640130,15,'New Chapter',1,'2022-10-04 00:13:47','2022-10-04 00:13:47');
/*!40000 ALTER TABLE `edu_chapter_published` ENABLE KEYS */;
UNLOCK TABLES;

--
-- Table structure for table `edu_chapter_published_desc`
--

DROP TABLE IF EXISTS `edu_chapter_published_desc`;
/*!40101 SET @saved_cs_client     = @@character_set_client */;
/*!50503 SET character_set_client = utf8mb4 */;
CREATE TABLE `edu_chapter_published_desc` (
  `id` bigint unsigned NOT NULL,
  `description` varchar(2000) DEFAULT NULL,
  PRIMARY KEY (`id`)
) ENGINE=InnoDB DEFAULT CHARSET=utf8mb4 COLLATE=utf8mb4_0900_ai_ci;
/*!40101 SET character_set_client = @saved_cs_client */;

--
-- Dumping data for table `edu_chapter_published_desc`
--

LOCK TABLES `edu_chapter_published_desc` WRITE;
/*!40000 ALTER TABLE `edu_chapter_published_desc` DISABLE KEYS */;
INSERT INTO `edu_chapter_published_desc` VALUES (1,'chapter basic description for html'),(1192252428399751169,'Please Edit'),(1570070590818619393,'Please Edit'),(1570085355787915265,'Please Edit'),(1576968767102640130,'sdfawerr');
/*!40000 ALTER TABLE `edu_chapter_published_desc` ENABLE KEYS */;
UNLOCK TABLES;

--
-- Table structure for table `edu_course`
--

DROP TABLE IF EXISTS `edu_course`;
/*!40101 SET @saved_cs_client     = @@character_set_client */;
/*!50503 SET character_set_client = utf8mb4 */;
CREATE TABLE `edu_course` (
  `id` bigint unsigned NOT NULL COMMENT '课程ID',
  `member_id` bigint unsigned NOT NULL DEFAULT '0' COMMENT '课程讲师ID',
  `subject_id` bigint unsigned NOT NULL DEFAULT '0' COMMENT '课程专业ID',
  `subject_parent_id` bigint unsigned NOT NULL DEFAULT '0' COMMENT '课程专业父级ID',
  `title` varchar(191) CHARACTER SET utf8mb4 COLLATE utf8mb4_0900_ai_ci NOT NULL COMMENT '课程标题',
  `total_hour` int unsigned DEFAULT '0' COMMENT '总课时',
  `cover` varchar(256) CHARACTER SET utf8mb4 COLLATE utf8mb4_0900_ai_ci NOT NULL COMMENT '封面图片',
  `version` bigint unsigned NOT NULL DEFAULT '1' COMMENT '乐观锁',
  `is_deleted` tinyint NOT NULL DEFAULT '0' COMMENT '逻辑删除 1（true）已删除， 0（false）未删除',
  `is_published` tinyint(1) NOT NULL DEFAULT '0' COMMENT '课程状态 0未发布  1已发布',
  `is_modified` tinyint(1) DEFAULT '0' COMMENT ' 1（true）modified since publish， 0（false）not modified since publish',
  `review` int NOT NULL DEFAULT '1' COMMENT '1.none;2.applied;3.rejected;4.finished;5.partial',
  `gmt_create` datetime NOT NULL COMMENT '创建时间',
  `gmt_modified` datetime NOT NULL COMMENT '更新时间',
  `is_public` tinyint(1) NOT NULL DEFAULT '1' COMMENT '课程类别，1 免费公开，0免费注册',
  `view_count` bigint unsigned DEFAULT '0',
  `is_remove_after_review` tinyint DEFAULT '0',
  `member_name` varchar(30) DEFAULT NULL,
  `ReviewType` tinyint DEFAULT NULL,
  PRIMARY KEY (`id`),
  KEY `idx_title` (`title`),
  KEY `idx_subject_id` (`subject_id`),
  KEY `idx_teacher_id` (`member_id`)
) ENGINE=InnoDB DEFAULT CHARSET=utf8mb4 COLLATE=utf8mb4_0900_ai_ci ROW_FORMAT=COMPACT COMMENT='课程';
/*!40101 SET character_set_client = @saved_cs_client */;

--
-- Dumping data for table `edu_course`
--

LOCK TABLES `edu_course` WRITE;
/*!40000 ALTER TABLE `edu_course` DISABLE KEYS */;
INSERT INTO `edu_course` VALUES (14,101,1011,101,'实验室安全',4,'http://p0.itc.cn/images01/20201013/70e293099e2e4f5db099101f5fbe18d0.jpeg',57,0,1,1,2,'2018-04-02 18:33:34','2022-09-07 20:32:52',1,0,0,NULL,NULL),(15,102,1021,102,'统计学基础',2,'https://pic1.zhimg.com/80/v2-8910f350aa732f837a939c9d44c388dc_720w.jpg',53,0,1,1,4,'2018-04-02 18:34:32','2022-09-07 20:32:41',0,0,0,NULL,NULL),(1192252213659774977,101,1011,101,'实验室制度',0,'http://p0.itc.cn/images01/20201013/70e293099e2e4f5db099101f5fbe18d0.jpeg',3,0,1,1,1,'2019-11-07 09:27:33','2022-06-13 08:48:42',0,0,0,NULL,NULL),(1525681568466821122,101,1022,102,'R语言基础',0,'https://pic2.zhimg.com/v2-180f0aa9f777a3bec1320a1f5d09aafd_1440w.jpg?source=172ae18b',2,0,1,0,1,'2022-05-15 11:36:46','2022-09-07 21:16:09',1,0,0,NULL,NULL),(1544500068249464833,100,1011,101,'1',0,'',2,1,1,0,1,'2022-07-06 09:54:46','2022-09-07 17:34:22',0,0,1,NULL,NULL),(1579382695959052290,0,0,0,'New Course',0,'',1,0,0,0,1,'2022-10-10 16:05:53','2022-10-10 16:05:53',1,0,0,NULL,NULL),(1616478307309060098,0,0,0,'test',0,'',1,0,0,0,1,'2023-01-21 00:50:36','2023-01-21 00:50:36',1,0,0,NULL,NULL);
/*!40000 ALTER TABLE `edu_course` ENABLE KEYS */;
UNLOCK TABLES;

--
-- Table structure for table `edu_course_collect`
--

DROP TABLE IF EXISTS `edu_course_collect`;
/*!40101 SET @saved_cs_client     = @@character_set_client */;
/*!50503 SET character_set_client = utf8mb4 */;
CREATE TABLE `edu_course_collect` (
  `id` bigint unsigned NOT NULL COMMENT '收藏ID',
  `course_id` bigint unsigned NOT NULL COMMENT '课程讲师ID',
  `member_id` bigint unsigned NOT NULL COMMENT '课程专业ID',
  `is_deleted` tinyint NOT NULL DEFAULT '0' COMMENT '逻辑删除 1（true）已删除， 0（false）未删除',
  `gmt_create` datetime NOT NULL COMMENT '创建时间',
  `gmt_modified` datetime NOT NULL COMMENT '更新时间',
  PRIMARY KEY (`id`)
) ENGINE=InnoDB DEFAULT CHARSET=utf8mb4 COLLATE=utf8mb4_0900_ai_ci ROW_FORMAT=COMPACT COMMENT='课程收藏';
/*!40101 SET character_set_client = @saved_cs_client */;

--
-- Dumping data for table `edu_course_collect`
--

LOCK TABLES `edu_course_collect` WRITE;
/*!40000 ALTER TABLE `edu_course_collect` DISABLE KEYS */;
INSERT INTO `edu_course_collect` VALUES (1196269345666019330,1192252213659774977,1,1,'2019-11-18 11:30:12','2019-11-18 11:30:12');
/*!40000 ALTER TABLE `edu_course_collect` ENABLE KEYS */;
UNLOCK TABLES;

--
-- Table structure for table `edu_course_description`
--

DROP TABLE IF EXISTS `edu_course_description`;
/*!40101 SET @saved_cs_client     = @@character_set_client */;
/*!50503 SET character_set_client = utf8mb4 */;
CREATE TABLE `edu_course_description` (
  `id` bigint unsigned NOT NULL COMMENT '课程ID',
  `description` text COMMENT '课程简介',
  `gmt_create` datetime NOT NULL COMMENT '创建时间',
  `gmt_modified` datetime NOT NULL COMMENT '更新时间',
  PRIMARY KEY (`id`)
) ENGINE=InnoDB DEFAULT CHARSET=utf8mb4 COLLATE=utf8mb4_0900_ai_ci COMMENT='课程简介';
/*!40101 SET character_set_client = @saved_cs_client */;

--
-- Dumping data for table `edu_course_description`
--

LOCK TABLES `edu_course_description` WRITE;
/*!40000 ALTER TABLE `edu_course_description` DISABLE KEYS */;
INSERT INTO `edu_course_description` VALUES (14,'# 基础实验安全','2019-03-13 06:04:43','2022-09-07 20:32:52'),(15,'','2019-03-13 06:03:33','2022-09-07 20:32:41'),(1104870479077879809,'<p>11</p>','2019-03-11 06:23:44','2019-03-11 06:23:44'),(1192252213659774977,'简介 简介简介  简介\n简介  简介  简介\n   简介','2019-11-07 09:27:33','2022-06-13 08:48:42'),(1525681568466821122,'sdfsdf','2022-05-15 11:36:46','2022-09-07 21:16:09'),(1579382695959052290,'Please Edit','2022-10-10 16:05:53','2022-10-10 16:05:53'),(1616478307309060098,NULL,'2023-01-21 00:50:36','2023-01-21 00:50:36');
/*!40000 ALTER TABLE `edu_course_description` ENABLE KEYS */;
UNLOCK TABLES;

--
-- Table structure for table `edu_course_description_published`
--

DROP TABLE IF EXISTS `edu_course_description_published`;
/*!40101 SET @saved_cs_client     = @@character_set_client */;
/*!50503 SET character_set_client = utf8mb4 */;
CREATE TABLE `edu_course_description_published` (
  `id` bigint unsigned NOT NULL COMMENT '课程ID',
  `description` text COMMENT '课程简介',
  `gmt_create` datetime NOT NULL COMMENT '创建时间',
  `gmt_modified` datetime NOT NULL COMMENT '更新时间',
  PRIMARY KEY (`id`)
) ENGINE=InnoDB DEFAULT CHARSET=utf8mb4 COLLATE=utf8mb4_0900_ai_ci COMMENT='课程简介';
/*!40101 SET character_set_client = @saved_cs_client */;

--
-- Dumping data for table `edu_course_description_published`
--

LOCK TABLES `edu_course_description_published` WRITE;
/*!40000 ALTER TABLE `edu_course_description_published` DISABLE KEYS */;
INSERT INTO `edu_course_description_published` VALUES (14,'# 基础实验安全','2019-03-13 06:04:43','2022-09-07 20:32:52'),(15,'','2019-03-13 06:03:33','2022-09-07 20:32:41');
/*!40000 ALTER TABLE `edu_course_description_published` ENABLE KEYS */;
UNLOCK TABLES;

--
-- Table structure for table `edu_course_published`
--

DROP TABLE IF EXISTS `edu_course_published`;
/*!40101 SET @saved_cs_client     = @@character_set_client */;
/*!50503 SET character_set_client = utf8mb4 */;
CREATE TABLE `edu_course_published` (
  `id` bigint unsigned NOT NULL COMMENT '课程ID',
  `member_id` bigint unsigned NOT NULL COMMENT '课程讲师ID',
  `subject_id` bigint unsigned NOT NULL COMMENT '课程专业ID',
  `subject_parent_id` bigint unsigned NOT NULL COMMENT '课程专业父级ID',
  `title` varchar(50) NOT NULL COMMENT '课程标题',
  `total_hour` int unsigned NOT NULL DEFAULT '0' COMMENT '总课时',
  `cover` varchar(255) CHARACTER SET utf8mb3 COLLATE utf8mb3_general_ci NOT NULL COMMENT '课程封面图片路径',
  `view_count` bigint unsigned NOT NULL DEFAULT '0' COMMENT '浏览数量',
  `version` bigint unsigned NOT NULL DEFAULT '1' COMMENT '乐观锁',
  `is_deleted` tinyint DEFAULT '0' COMMENT '逻辑删除 1（true）已删除， 0（false）未删除',
  `gmt_create` datetime NOT NULL COMMENT '创建时间',
  `gmt_modified` datetime NOT NULL COMMENT '更新时间',
  `is_public` tinyint(1) DEFAULT '1' COMMENT '课程类别，1 免费公开，0免费注册',
  PRIMARY KEY (`id`),
  KEY `idx_title` (`title`),
  KEY `idx_subject_id` (`subject_id`),
  KEY `idx_member_id` (`member_id`)
) ENGINE=InnoDB DEFAULT CHARSET=utf8mb4 COLLATE=utf8mb4_0900_ai_ci ROW_FORMAT=COMPACT COMMENT='课程';
/*!40101 SET character_set_client = @saved_cs_client */;

--
-- Dumping data for table `edu_course_published`
--

LOCK TABLES `edu_course_published` WRITE;
/*!40000 ALTER TABLE `edu_course_published` DISABLE KEYS */;
INSERT INTO `edu_course_published` VALUES (14,101,1011,101,'实验室安全',1,'http://p0.itc.cn/images01/20201013/70e293099e2e4f5db099101f5fbe18d0.jpeg',0,44,0,'2018-04-02 18:33:34','2022-07-24 00:33:43',1),(15,102,1021,102,'统计学基础',2,'https://pic1.zhimg.com/80/v2-8910f350aa732f837a939c9d44c388dc_720w.jpg',0,54,0,'2018-04-02 18:34:32','2022-09-07 20:32:41',0);
/*!40000 ALTER TABLE `edu_course_published` ENABLE KEYS */;
UNLOCK TABLES;

--
-- Table structure for table `edu_member`
--

DROP TABLE IF EXISTS `edu_member`;
/*!40101 SET @saved_cs_client     = @@character_set_client */;
/*!50503 SET character_set_client = utf8mb4 */;
CREATE TABLE `edu_member` (
  `id` bigint unsigned NOT NULL COMMENT '讲师ID',
  `name` varchar(20) NOT NULL COMMENT '讲师姓名',
  `intro` varchar(500) NOT NULL DEFAULT '' COMMENT '简介',
  `career` varchar(500) DEFAULT NULL COMMENT '成员履历简介',
  `level` int unsigned NOT NULL COMMENT '成员等级',
  `avatar` varchar(255) DEFAULT NULL COMMENT '讲师头像',
  `sort` int unsigned NOT NULL DEFAULT '0' COMMENT '排序',
  `is_deleted` tinyint unsigned NOT NULL DEFAULT '0' COMMENT '逻辑删除 1（true）已删除， 0（false）未删除',
  `gmt_create` datetime NOT NULL COMMENT '创建时间',
  `gmt_modified` datetime NOT NULL COMMENT '更新时间',
  `title` varchar(60) DEFAULT NULL COMMENT '头衔',
  PRIMARY KEY (`id`),
  UNIQUE KEY `uk_name` (`name`)
) ENGINE=InnoDB DEFAULT CHARSET=utf8mb4 COLLATE=utf8mb4_0900_ai_ci COMMENT='讲师';
/*!40101 SET character_set_client = @saved_cs_client */;

--
-- Dumping data for table `edu_member`
--

LOCK TABLES `edu_member` WRITE;
/*!40000 ALTER TABLE `edu_member` DISABLE KEYS */;
INSERT INTO `edu_member` VALUES (101,'chang liu','Lord of the Ring','2000-2021\nsdfsdf\n\nsdf',5,'https://image.changliulab.com/f0cfe400c95141d9bf0b54ba96fea03c.jpg',101,0,'2022-05-20 21:25:35','2022-05-20 21:25:37','Professor'),(102,'hasi123123','Professor Muscle','2000-2022',5,'xxxxx',100,0,'2022-05-20 21:21:19','2022-05-20 21:21:22','Professor'),(1649053536896004097,'huang','sdfasdf','dfawer',1,NULL,0,0,'2023-04-20 22:12:56','2023-04-20 22:12:56','Se'),(1653358575345029122,'se','',NULL,1,NULL,0,0,'2023-05-02 19:19:37','2023-05-02 19:19:37',NULL),(1653368347213516802,'aaa','',NULL,5,NULL,0,0,'2023-05-02 19:58:27','2023-05-02 19:58:27','sdfsdf');
/*!40000 ALTER TABLE `edu_member` ENABLE KEYS */;
UNLOCK TABLES;

--
-- Table structure for table `edu_member_scholar`
--

DROP TABLE IF EXISTS `edu_member_scholar`;
/*!40101 SET @saved_cs_client     = @@character_set_client */;
/*!50503 SET character_set_client = utf8mb4 */;
CREATE TABLE `edu_member_scholar` (
  `id` bigint unsigned NOT NULL,
  `scholar_id` bigint unsigned NOT NULL,
  `gmt_create` datetime NOT NULL,
  `gmt_modified` datetime NOT NULL,
  `name` varchar(30) COLLATE utf8mb4_unicode_ci NOT NULL,
  `member_id` bigint unsigned NOT NULL,
  PRIMARY KEY (`id`),
  KEY `edu_member_scholar_scholar_id_index` (`scholar_id`),
  KEY `edu_member_scholar_member_id_index` (`member_id`)
) ENGINE=InnoDB DEFAULT CHARSET=utf8mb4 COLLATE=utf8mb4_unicode_ci;
/*!40101 SET character_set_client = @saved_cs_client */;

--
-- Dumping data for table `edu_member_scholar`
--

LOCK TABLES `edu_member_scholar` WRITE;
/*!40000 ALTER TABLE `edu_member_scholar` DISABLE KEYS */;
INSERT INTO `edu_member_scholar` VALUES (1574786985645121537,1540709429594497026,'2022-09-27 23:44:10','2022-09-27 23:44:10','chang liu',101),(1613917043454189569,1540709429594497026,'2023-01-13 23:13:03','2023-01-13 23:13:03','hasi',102);
/*!40000 ALTER TABLE `edu_member_scholar` ENABLE KEYS */;
UNLOCK TABLES;

--
-- Table structure for table `edu_methodology`
--

DROP TABLE IF EXISTS `edu_methodology`;
/*!40101 SET @saved_cs_client     = @@character_set_client */;
/*!50503 SET character_set_client = utf8mb4 */;
CREATE TABLE `edu_methodology` (
  `id` bigint unsigned NOT NULL,
  `markdown` text CHARACTER SET utf8mb4 COLLATE utf8mb4_unicode_ci,
  `published_md` text CHARACTER SET utf8mb4 COLLATE utf8mb4_unicode_ci,
  `gmt_create` datetime DEFAULT NULL,
  `gmt_modified` datetime DEFAULT NULL,
  `language` tinyint DEFAULT '1' COMMENT '1-chinese, 2-english',
  `is_modified` tinyint(1) DEFAULT '0',
  `is_published` tinyint(1) DEFAULT '0',
  `review` tinyint DEFAULT '1',
  `html_br_base64` mediumtext COLLATE utf8mb4_unicode_ci,
  `published_html_br_base64` mediumtext COLLATE utf8mb4_unicode_ci,
  `title` varchar(300) COLLATE utf8mb4_unicode_ci DEFAULT NULL,
  `is_remove_after_review` tinyint DEFAULT '0',
  `enable` bit(1) NOT NULL DEFAULT b'0',
  `is_public` bit(1) NOT NULL DEFAULT b'0',
  PRIMARY KEY (`id`)
) ENGINE=InnoDB DEFAULT CHARSET=utf8mb4 COLLATE=utf8mb4_unicode_ci;
/*!40101 SET character_set_client = @saved_cs_client */;

--
-- Dumping data for table `edu_methodology`
--

LOCK TABLES `edu_methodology` WRITE;
/*!40000 ALTER TABLE `edu_methodology` DISABLE KEYS */;
INSERT INTO `edu_methodology` VALUES (1,'# title','# title','2022-07-04 21:43:17','2022-07-05 21:01:28',1,1,1,4,'eJyzScksU0jOSSwutlXKTSzKTskvz9NNyk+pVLKzyTC0K8ksyUm10QeybBR1dQ11de1s9IE67AAO+xGW','eJyzScksU0jOSSwutlXKTSzKTskvz9NNyk+pVLKzyTC0K8ksyUm10QeybBR1dQ11de1s9IE67AAO+xGW','methodology方法论',1,_binary '',_binary ''),(2,'# 标题\n## 副标题\n\ndd','# title','2022-07-04 21:43:16','2022-10-08 22:09:47',2,1,1,3,'eJyzScksU0jOSSwutlXKTSzKTskvz9NNyk+pVLKzyTC0e7ag/eWiGTb6QCaXTYaR3dPO9XAhI6BQgV1Kio1+gZ2Noq6uka6unY0+0Dw7AHzXHyg=','eJyzScksU0jOSSwutlXKTSzKTskvz9NNyk+pVLKzyTC0e7ag/eWiGTb6QCaXTYaR3dPO9XAhI6BQgV1Kio1+gZ2Noq6uka6unY0+0Dw7AHzXHyg=','methodology test2',0,_binary '',_binary ''),(1630933645382918145,NULL,NULL,'2023-03-01 22:10:57','2023-03-01 22:10:57',1,0,1,1,NULL,NULL,'ssss',0,_binary '\0',_binary '\0');
/*!40000 ALTER TABLE `edu_methodology` ENABLE KEYS */;
UNLOCK TABLES;

--
-- Table structure for table `edu_report`
--

DROP TABLE IF EXISTS `edu_report`;
/*!40101 SET @saved_cs_client     = @@character_set_client */;
/*!50503 SET character_set_client = utf8mb4 */;
CREATE TABLE `edu_report` (
  `id` bigint unsigned NOT NULL,
  `title` varchar(100) DEFAULT NULL COMMENT 'title of report',
  `author_member_id` bigint unsigned DEFAULT NULL COMMENT 'member id of the author',
  `author_member_name` varchar(10) DEFAULT NULL,
  `is_published` bit(1) DEFAULT b'0',
  `is_modified` bit(1) DEFAULT b'0',
  `is_remove_after_review` bit(1) DEFAULT b'0',
  `enable` bit(1) DEFAULT NULL,
  `gmt_create` datetime DEFAULT NULL,
  `gmt_modified` datetime DEFAULT NULL,
  `version` bigint unsigned DEFAULT '1',
  `review` tinyint DEFAULT '1',
  PRIMARY KEY (`id`)
) ENGINE=InnoDB DEFAULT CHARSET=utf8mb4 COLLATE=utf8mb4_0900_ai_ci;
/*!40101 SET character_set_client = @saved_cs_client */;

--
-- Dumping data for table `edu_report`
--

LOCK TABLES `edu_report` WRITE;
/*!40000 ALTER TABLE `edu_report` DISABLE KEYS */;
/*!40000 ALTER TABLE `edu_report` ENABLE KEYS */;
UNLOCK TABLES;

--
-- Table structure for table `edu_report_markdown`
--

DROP TABLE IF EXISTS `edu_report_markdown`;
/*!40101 SET @saved_cs_client     = @@character_set_client */;
/*!50503 SET character_set_client = utf8mb4 */;
CREATE TABLE `edu_report_markdown` (
  `id` bigint unsigned NOT NULL,
  `markdown` mediumtext,
  `html_br_base64` mediumtext,
  `version` bigint unsigned DEFAULT '1',
  PRIMARY KEY (`id`)
) ENGINE=InnoDB DEFAULT CHARSET=utf8mb4 COLLATE=utf8mb4_0900_ai_ci;
/*!40101 SET character_set_client = @saved_cs_client */;

--
-- Dumping data for table `edu_report_markdown`
--

LOCK TABLES `edu_report_markdown` WRITE;
/*!40000 ALTER TABLE `edu_report_markdown` DISABLE KEYS */;
/*!40000 ALTER TABLE `edu_report_markdown` ENABLE KEYS */;
UNLOCK TABLES;

--
-- Table structure for table `edu_report_published`
--

DROP TABLE IF EXISTS `edu_report_published`;
/*!40101 SET @saved_cs_client     = @@character_set_client */;
/*!50503 SET character_set_client = utf8mb4 */;
CREATE TABLE `edu_report_published` (
  `id` bigint unsigned NOT NULL,
  `title` varchar(100) DEFAULT NULL,
  `author_member_id` bigint unsigned DEFAULT NULL,
  `author_member_name` varchar(10) DEFAULT NULL,
  `enable` bit(1) DEFAULT NULL,
  `gmt_create` datetime DEFAULT NULL,
  `gmt_modified` datetime DEFAULT NULL,
  `version` bigint unsigned DEFAULT NULL,
  PRIMARY KEY (`id`)
) ENGINE=InnoDB DEFAULT CHARSET=utf8mb4 COLLATE=utf8mb4_0900_ai_ci;
/*!40101 SET character_set_client = @saved_cs_client */;

--
-- Dumping data for table `edu_report_published`
--

LOCK TABLES `edu_report_published` WRITE;
/*!40000 ALTER TABLE `edu_report_published` DISABLE KEYS */;
/*!40000 ALTER TABLE `edu_report_published` ENABLE KEYS */;
UNLOCK TABLES;

--
-- Table structure for table `edu_report_published_md`
--

DROP TABLE IF EXISTS `edu_report_published_md`;
/*!40101 SET @saved_cs_client     = @@character_set_client */;
/*!50503 SET character_set_client = utf8mb4 */;
CREATE TABLE `edu_report_published_md` (
  `id` bigint unsigned NOT NULL,
  `markdown` mediumtext,
  `html_br_base64` mediumtext,
  `version` bigint unsigned DEFAULT '1',
  PRIMARY KEY (`id`)
) ENGINE=InnoDB DEFAULT CHARSET=utf8mb4 COLLATE=utf8mb4_0900_ai_ci;
/*!40101 SET character_set_client = @saved_cs_client */;

--
-- Dumping data for table `edu_report_published_md`
--

LOCK TABLES `edu_report_published_md` WRITE;
/*!40000 ALTER TABLE `edu_report_published_md` DISABLE KEYS */;
/*!40000 ALTER TABLE `edu_report_published_md` ENABLE KEYS */;
UNLOCK TABLES;

--
-- Table structure for table `edu_research`
--

DROP TABLE IF EXISTS `edu_research`;
/*!40101 SET @saved_cs_client     = @@character_set_client */;
/*!50503 SET character_set_client = utf8mb4 */;
CREATE TABLE `edu_research` (
  `id` bigint unsigned NOT NULL,
  `html_br_base64` mediumtext COLLATE utf8mb4_unicode_ci,
  `markdown` text CHARACTER SET utf8mb4 COLLATE utf8mb4_unicode_ci,
  `published_md` text CHARACTER SET utf8mb4 COLLATE utf8mb4_unicode_ci,
  `language` tinyint NOT NULL DEFAULT '1',
  `gmt_create` datetime DEFAULT NULL,
  `gmt_modified` datetime DEFAULT NULL,
  `is_modified` bit(1) NOT NULL DEFAULT b'0',
  `review` tinyint DEFAULT '1' COMMENT 'review status',
  `enable` bit(1) NOT NULL DEFAULT b'0',
  `published_html_br_base64` mediumtext COLLATE utf8mb4_unicode_ci,
  `title` varchar(300) COLLATE utf8mb4_unicode_ci DEFAULT NULL,
  `is_remove_after_review` bit(1) NOT NULL DEFAULT b'0',
  `is_published` bit(1) DEFAULT b'0',
  PRIMARY KEY (`id`)
) ENGINE=InnoDB DEFAULT CHARSET=utf8mb4 COLLATE=utf8mb4_unicode_ci;
/*!40101 SET character_set_client = @saved_cs_client */;

--
-- Dumping data for table `edu_research`
--

LOCK TABLES `edu_research` WRITE;
/*!40000 ALTER TABLE `edu_research` DISABLE KEYS */;
INSERT INTO `edu_research` VALUES (1,'eJztW0uP3MYRvvtXtGgYloDpHjbf3J2dQBrJsZFVnFgyYgOCAw7ZM0MthxyRzX1CgI4KfAmSAL4FuQYGcgp8yX/IjzACC/kXqe4mOe/HPrwSHI+0Q/arqvqr6qrqJqcTxccoTIKiONDGQX4UZScp7mfRmdbtjGj3zd/+8ubv3735x6v//OvrThsq3uuMjO4Pr//45tuvf/jmu/9+80+oNVQt9KoLtBuOgglnOcpSNh1XsJDHWVpVip4z3PtnnI0jPGb5OIgjDRX8LGEHWhKnDI9YPBzxPRSnMY+DZB+EK46HKMjjAOdZwiJWhHk8EcQPtEGSnQD7nONjQ0Oi+UAb5sFkFIcFjrKwHLOUo/pGQ8cxO3mQnR5o2EPw3/I8QnXfdG1EbYe41HPtRppxcIpP4oiP9mb6TU73NXQ6TtJi7xTEPTrQRpxP9trtk5MTcmKSLB+2qe/7bdladV3VydB1vQ0T05DkcaBRXf9AQ3G0iA6mjuu6jm74jmeYWBd4CAG772/udzHIUo4HwThOzvY0nrN+GY4YR+NCax2zPArSoCVATVpFkBa4YHk82Jdjivic7VEHpjqIk2TvfdM0919u4YYIy/Msx3GYpRdqmG0b8Nl5JGenfH5kwfPsiF2GUDRkmIPuj1JWFDjNoF9yochUqjRgVpcmJO/m6ZjE3p3SJOCwPlJcZEkc1XSioADDzYOzPf2ydMRQtoLQTmqaI5TBdQWhXcAWHoTlF42JCCupNVYVdyVCwjwriovLjobVcxNGvl3KJOiz5EqswizJ8l1XUJiUBagFS3ZoZj1cZXgxCdKLS7Gfsm1tRV4Qn8p2KTZpFjGUQ3TYykV1DeM8TNiOnVmSxJNi196TLDkbZumuvQM+qib9qPeo99FHjblDYNAfPtifcxB0J8uShCv7EsjjIImH6V4IwYrlO44HxYN7CvoJuwjLvABNTLJ4x/Gw3LOTEQui30wnt/PiFa5EjENEQrOwfOfdLtF3wmMaz0X4XCQp5Usho9hRuEOJaz8Ij4Z5VqYRrgyVeeLf/lUAb8hKE77IJkEYc3DhxN5fy0fBWhV2XseKgRo7gE/EGnsL4LOI8G72VtO+qnO5vFuBrI9UbU+zLOHx5GKSFbFI3/aCPkTEkrMVmpgmX5AowdQmQRTF6VDG72v6fEFiqqu9UZHc9fQWEvlXC/kOMVzL1n1PN/0P7u33szxiuUAXyeiNavBVA86DKC4LKVa16jA7hikUyk7PcZxG7HQPiF/G+p/GPGFPhY4UMmk4AsDHcRQlbHYq3uVytL08y/gFbtqvAuTLTluln51ht6PCN8ryGKZ8oAUlzzSkKj+WaTyktUZd87sqz20qPocMH3LjEgg/gXXEPk0/Lxhk8Wzw5YFmy5svRF48k7brSEfUQAbUzWxkQIQGOpVCT/2I1MqjNIK0WXipOrmfWzuI7qOlHAjRFtL3Gz7SUz6WzITP0xBweYyEPIdgOsiGiy5uzoFRW3CCi5LtdmBaQkn8vxxKT7ho+ZFwshVOtMLr6kDRRaDoJe2JXgsplY4og1L3NwdVLsUMz9TlVFwAHMXlllHCN4FSbVA/QZyI0diTsYgURYLKPFJyh7MBL9G8zUsZV119tEVRgvyWj+BelwUMpVtegFPIlo3rqpBtd1m3ANqwJiTCqzZTrpKmQowZztTXiXNRS64oYZYC5zJP7r6/HL/uNedS0yxYmyW4dPCBls8e0Hx+jQ6f4Pvo8BF+oMA9xPfxA6wrADyPGGbL9gkkQoe+T1ydtmyT+IbTo5QS6hotyyMeNVvUtAiFq+kR23Na1IaRjtEyTWK5Zo96BrEobRkeMW2/ZegucR2vKRo6sSy3Kh4aMIgadlWcYv1OoNSbotSbR8k3Z1HyPUJto0GJ6ibg4TQwwR+xfKi3baIDTpR6xNHtHnUdAqOpYRKX+i3qW8QXw6qyoVuAlFWXDw0qlGHU5XcHqwcCq4c1Vg/wwxorw/OJBzOode27xGgMo2fC/Gy3MQyT+sQEtOoigGfpTss0iE/Nnmn5xG6ZLrEAIdMBpGyrZTlAAOzONYjjgbFSYUqHpgcWprstQNtx3yGYenMw9aYwmTqsOVgStaIBBcCpUXzPpC4xvcYuTMOGqzUtAyoOzJcKAE2jgopSwMiaYkV1B4zTbMCiOiWu5zRogW5Mf9bZLfovuQkupLfjOWwPBjD1A03eJgFnd6ntEt22HM+1W0gp0XTte9oSjfUksEmJ58hD+Rb4XjIzOqlGwhAIS+mn/eewWUajOkT5zam6A6CYFnCGzuIBRKXKKC4miYgEcSofOvSTLDzaRyejmDNciNi1h9LsJA8m+xvO8NVB/4iPhShiZ7xicodC3WIXB/sm6AFIghjwPSe5wnc1xuvxgU2rviskeoOI/raQ+BmAnwHYBYA5EMQB5wYvY+tEPpZrIRE8TR/iqfAS85nifexY2ixBFLFBUCa8vgL9fBYq05p9KkfUU8Ezkbe6gABca7aQ0J5JZPNTeakQbZj1gyIOkdQLDrOUB4BvLnDI5YzX+T3LILaaVeX1Funu7P48W0l/mwoXCFcKf/KiDHKGPgPpdjX+lYgYDiWWZ5mLsWRezw+wY2/Tc7UVXaHp6fNf2F42TNZpeGa/uU6LkNl6N6RGi1ayvSU99uRUb0yFKlXxVqiwhx33qkvVt0W+N79QLZfYjlFp0VZatG9uneoigb+JZapL0d+Sdj8T5+DXX6QWtUUCL7Zvm7zxQ+z421RcPZibAroaf1iytin41TcLsXBGl0im84Vc5mqMOHUwlf4aQqhpxXUj0qfNMh1Wom1IWg2YOr0Jq4BUXUjw1sxilI37ZbF70G7+iuNh1f+9zqT7ZVaiEDjksMtiOToMnrIvYOPFRwy+4lDsl04nOWyf4iwtUFnE6RB1AjTK2UCJXoDsR6MgJcOYj8o+ibP2rwSRttaV10476O6BZiS3pyOGOmzc/WUwHgdoUKbyNaROG6pQAfyKwZlkMDvpsdoK8hFWoC5gcgR6PV1Vh8UYCaGksAltr/0Yusivx4eCFkw+hdkXMDbPTuA7lhIciwcu4uhNbSW17r//3GmPY2jPxDkW4+EIPNkgSAqQ8i40ZWJoN13f6V7VKese1Hc7Uep+//pPVW3apXCXbqG/3HSnapJm2WRUbCzWkapcP+/vX7+qJJmX6XUt6fywKCv7CSwAnpfhkdb9tRrRVtgGaZrxQL6OxtIwEw8SD7RgMknA+kRt+xRLDT+TRnM3vYcO0N0U03t3nkECEz0Dmw+SBKXP4vSZ4NrvI2AwpSpMfqrP9ljtmNWyWTYauerU+2yjOIpYKtxHuWh0EJIWq8TkeONP6vfkAM99dMxyuZSqh6gI68SwoUFbKcc4yyNlWavaJiyVBrF6nIS9VlK6sleYZJVhrGiUap95xy4fxinO1VRAaNf11oudC7d0cBNkV5D4cQG/NqhbJgif9dz7caqp5Xx9wreOnDBVutHO7lx6XnQLP+l8fixVbTdx6eXerpHrxPE8fyNMSLlC6WznGK66oLhAx3GAIOqjR2UCeYB4WWIIflUF7rlXk+toXOU6K0PvhrYbDdWoYgTYiUzr5kP3+WVCd1H2i3JShcJvm/CsV+F5bSz9ax0PGwLqO+7yin01k6k4q+J/FU/b43kabI7G7MiG/sLIuBs10V31+P7VH9bKT64Tzc9FNIfIzX+vfwWXAT9D/KuLc0xfsq8uMH8Z8Wct8nM0T9b6Fd2yJO/z/8dgbxDTcIw1SvEp3eQiJ9pSDcomuDgb97MEJSA2w9Bp3TwsyxJKR83rcrCDgi1mfMz2Ec8mUgJdpyqWSW+wCqpyAkt+QZDjJC445qi6Giub81W1y/ZKLGqZCoTZ3k1HJal4uORJ265mmbABlzOoZ7lkdfYy0ck6HblrtVDE52K7B9tLpl6ac5D4NtGYi8FLGhJLomrRV8ezDbM0iUcN/92cjYwBG8L0sgEUMOjV11u77WYns4tlDsGNWcMG5lucAHWc9TAqj7k5teOXXk7XWEU68RyLbl1Fpnh/4N00r01g1p2uFmBg8zJjxKv3MLOS0EsY1HYr28FS2C1bimU6PzFL2UW7S9Y0XaE3peg5rUY79VrjJa7rmshOs1AHrHJb8qLMOJs7bR3EKYia5Qw2WuKMWiXMQT8rOeqIN+LSYfdQnZ5WpfVnsnOnsbBfGjMeENGbFDwIj9hpOArSISNhNm6/KFkhWBVtWzd0mT0/D06xfMKCeckz8UI5DtIIvyjj8AgDXZZDHg/p2AhuxFkuUVvC9uzM1n46XPzypdvh4lcscMnFLYAjvuDv/pPeJ580pY+fPj5Uhbbo2K4HiR/BVmOj7hOw7IQh8RMBgOKogG6RbOjAZoN1P/ykSD/ksJGFHe2gTH/xYact65tuKzqIFsmxYvFbMalFwtrCOG2R8IoOi4Qfil8GLhLGWOy+mfrdYAvhqjyW5UUmWzo3DNsVaG2FvzC9TjweoiIPp6f20i6SuEyCPsmKAocp7rP4OQBMIIs+K9OwkEYz0MMBs3Q99G1q0cjvD/S+bfUD3xmwQDdD8nwyhE1WAnvCnbqK5zTdzh2MDYyrhfI/nssRKw==','# 研究简介\n## 成立时间\n## 简\n# chapter one\n## section one\n\n```mermaid\ngraph LR\nA[Square Rect] -- Link text --> B((Circle))\nA --> C(Round Rect)\nB --> D{Rhombus}\nC --> D\n```\nYou can render LaTeX mathematical expressions using [KaTeX](https://khan.github.io/KaTeX/):\n\nThe *Gamma function* satisfying $\\Gamma(n) = (n-1)!\\quad\\forall n\\in\\mathbb N$ is via the Euler integral\n\n$$\n\\Gamma(z) = \\int_0^\\infty t^{z-1}e^{-t}dt\\,.\n$$\n\n> You can find more information about **LaTeX** mathematical expressions [here](http://meta.math.stackexchange.com/questions/5020/mathjax-basic-tutorial-and-quick-reference).\n\n|                |ASCII                          |HTML                         |\n|----------------|-------------------------------|-----------------------------|\n|Single backticks|`\'Isn\'t this fun?\'`            |\'Isn\'t this fun?\'            |\n|Quotes          |`\"Isn\'t this fun?\"`            |\"Isn\'t this fun?\"            |\n|Dashes          |`-- is en-dash, --- is em-dash`|-- is en-dash, --- is em-dash|\n\n\n![f0cfe400c95141d9bf0b54ba96fea03c.jpg](https://image.changliulab.com/f0cfe400c95141d9bf0b54ba96fea03c.jpg)','# 研究简介\n## 成立时间\n## 简\n# chapter one\n## section one\n\n```mermaid\ngraph LR\nA[Square Rect] -- Link text --> B((Circle))\nA --> C(Round Rect)\nB --> D{Rhombus}\nC --> D\n```\nYou can render LaTeX mathematical expressions using [KaTeX](https://khan.github.io/KaTeX/):\n\nThe *Gamma function* satisfying $\\Gamma(n) = (n-1)!\\quad\\forall n\\in\\mathbb N$ is via the Euler integral\n\n$$\n\\Gamma(z) = \\int_0^\\infty t^{z-1}e^{-t}dt\\,.\n$$\n\n> You can find more information about **LaTeX** mathematical expressions [here](http://meta.math.stackexchange.com/questions/5020/mathjax-basic-tutorial-and-quick-reference).\n\n|                |ASCII                          |HTML                         |\n|----------------|-------------------------------|-----------------------------|\n|Single backticks|`\'Isn\'t this fun?\'`            |\'Isn\'t this fun?\'            |\n|Quotes          |`\"Isn\'t this fun?\"`            |\"Isn\'t this fun?\"            |\n|Dashes          |`-- is en-dash, --- is em-dash`|-- is en-dash, --- is em-dash|\n\n\n![f0cfe400c95141d9bf0b54ba96fea03c.jpg](https://changliulab.oss-cn-beijing.aliyuncs.com/f0cfe400c95141d9bf0b54ba96fea03c.jpg)',1,'2022-07-04 21:42:25','2022-10-09 22:14:18',_binary '',4,_binary '','eJztW0uP3MYRvvtXtGgYloDpHjbf3J2dQBrJsZFVnFgyYgOCAw7ZM0MthxyRzX1CgI4KfAmSAL4FuQYGcgp8yX/IjzACC/kXqe4mOe/HPrwSHI+0Q/arqvqr6qrqJqcTxccoTIKiONDGQX4UZScp7mfRmdbtjGj3zd/+8ubv3735x6v//OvrThsq3uuMjO4Pr//45tuvf/jmu/9+80+oNVQt9KoLtBuOgglnOcpSNh1XsJDHWVpVip4z3PtnnI0jPGb5OIgjDRX8LGEHWhKnDI9YPBzxPRSnMY+DZB+EK46HKMjjAOdZwiJWhHk8EcQPtEGSnQD7nONjQ0Oi+UAb5sFkFIcFjrKwHLOUo/pGQ8cxO3mQnR5o2EPw3/I8QnXfdG1EbYe41HPtRppxcIpP4oiP9mb6TU73NXQ6TtJi7xTEPTrQRpxP9trtk5MTcmKSLB+2qe/7bdladV3VydB1vQ0T05DkcaBRXf9AQ3G0iA6mjuu6jm74jmeYWBd4CAG772/udzHIUo4HwThOzvY0nrN+GY4YR+NCax2zPArSoCVATVpFkBa4YHk82Jdjivic7VEHpjqIk2TvfdM0919u4YYIy/Msx3GYpRdqmG0b8Nl5JGenfH5kwfPsiF2GUDRkmIPuj1JWFDjNoF9yochUqjRgVpcmJO/m6ZjE3p3SJOCwPlJcZEkc1XSioADDzYOzPf2ydMRQtoLQTmqaI5TBdQWhXcAWHoTlF42JCCupNVYVdyVCwjwriovLjobVcxNGvl3KJOiz5EqswizJ8l1XUJiUBagFS3ZoZj1cZXgxCdKLS7Gfsm1tRV4Qn8p2KTZpFjGUQ3TYykV1DeM8TNiOnVmSxJNi196TLDkbZumuvQM+qib9qPeo99FHjblDYNAfPtifcxB0J8uShCv7EsjjIImH6V4IwYrlO44HxYN7CvoJuwjLvABNTLJ4x/Gw3LOTEQui30wnt/PiFa5EjENEQrOwfOfdLtF3wmMaz0X4XCQp5Usho9hRuEOJaz8Ij4Z5VqYRrgyVeeLf/lUAb8hKE77IJkEYc3DhxN5fy0fBWhV2XseKgRo7gE/EGnsL4LOI8G72VtO+qnO5vFuBrI9UbU+zLOHx5GKSFbFI3/aCPkTEkrMVmpgmX5AowdQmQRTF6VDG72v6fEFiqqu9UZHc9fQWEvlXC/kOMVzL1n1PN/0P7u33szxiuUAXyeiNavBVA86DKC4LKVa16jA7hikUyk7PcZxG7HQPiF/G+p/GPGFPhY4UMmk4AsDHcRQlbHYq3uVytL08y/gFbtqvAuTLTluln51ht6PCN8ryGKZ8oAUlzzSkKj+WaTyktUZd87sqz20qPocMH3LjEgg/gXXEPk0/Lxhk8Wzw5YFmy5svRF48k7brSEfUQAbUzWxkQIQGOpVCT/2I1MqjNIK0WXipOrmfWzuI7qOlHAjRFtL3Gz7SUz6WzITP0xBweYyEPIdgOsiGiy5uzoFRW3CCi5LtdmBaQkn8vxxKT7ho+ZFwshVOtMLr6kDRRaDoJe2JXgsplY4og1L3NwdVLsUMz9TlVFwAHMXlllHCN4FSbVA/QZyI0diTsYgURYLKPFJyh7MBL9G8zUsZV119tEVRgvyWj+BelwUMpVtegFPIlo3rqpBtd1m3ANqwJiTCqzZTrpKmQowZztTXiXNRS64oYZYC5zJP7r6/HL/uNedS0yxYmyW4dPCBls8e0Hx+jQ6f4Pvo8BF+oMA9xPfxA6wrADyPGGbL9gkkQoe+T1ydtmyT+IbTo5QS6hotyyMeNVvUtAiFq+kR23Na1IaRjtEyTWK5Zo96BrEobRkeMW2/ZegucR2vKRo6sSy3Kh4aMIgadlWcYv1OoNSbotSbR8k3Z1HyPUJto0GJ6ibg4TQwwR+xfKi3baIDTpR6xNHtHnUdAqOpYRKX+i3qW8QXw6qyoVuAlFWXDw0qlGHU5XcHqwcCq4c1Vg/wwxorw/OJBzOode27xGgMo2fC/Gy3MQyT+sQEtOoigGfpTss0iE/Nnmn5xG6ZLrEAIdMBpGyrZTlAAOzONYjjgbFSYUqHpgcWprstQNtx3yGYenMw9aYwmTqsOVgStaIBBcCpUXzPpC4xvcYuTMOGqzUtAyoOzJcKAE2jgopSwMiaYkV1B4zTbMCiOiWu5zRogW5Mf9bZLfovuQkupLfjOWwPBjD1A03eJgFnd6ntEt22HM+1W0gp0XTte9oSjfUksEmJ58hD+Rb4XjIzOqlGwhAIS+mn/eewWUajOkT5zam6A6CYFnCGzuIBRKXKKC4miYgEcSofOvSTLDzaRyejmDNciNi1h9LsJA8m+xvO8NVB/4iPhShiZ7xicodC3WIXB/sm6AFIghjwPSe5wnc1xuvxgU2rviskeoOI/raQ+BmAnwHYBYA5EMQB5wYvY+tEPpZrIRE8TR/iqfAS85nifexY2ixBFLFBUCa8vgL9fBYq05p9KkfUU8Ezkbe6gABca7aQ0J5JZPNTeakQbZj1gyIOkdQLDrOUB4BvLnDI5YzX+T3LILaaVeX1Funu7P48W0l/mwoXCFcKf/KiDHKGPgPpdjX+lYgYDiWWZ5mLsWRezw+wY2/Tc7UVXaHp6fNf2F42TNZpeGa/uU6LkNl6N6RGi1ayvSU99uRUb0yFKlXxVqiwhx33qkvVt0W+N79QLZfYjlFp0VZatG9uneoigb+JZapL0d+Sdj8T5+DXX6QWtUUCL7Zvm7zxQ+z421RcPZibAroaf1iytin41TcLsXBGl0im84Vc5mqMOHUwlf4aQqhpxXUj0qfNMh1Wom1IWg2YOr0Jq4BUXUjw1sxilI37ZbF70G7+iuNh1f+9zqT7ZVaiEDjksMtiOToMnrIvYOPFRwy+4lDsl04nOWyf4iwtUFnE6RB1AjTK2UCJXoDsR6MgJcOYj8o+ibP2rwSRttaV10476O6BZiS3pyOGOmzc/WUwHgdoUKbyNaROG6pQAfyKwZlkMDvpsdoK8hFWoC5gcgR6PV1Vh8UYCaGksAltr/0Yusivx4eCFkw+hdkXMDbPTuA7lhIciwcu4uhNbSW17r//3GmPY2jPxDkW4+EIPNkgSAqQ8i40ZWJoN13f6V7VKese1Hc7Uep+//pPVW3apXCXbqG/3HSnapJm2WRUbCzWkapcP+/vX7+qJJmX6XUt6fywKCv7CSwAnpfhkdb9tRrRVtgGaZrxQL6OxtIwEw8SD7RgMknA+kRt+xRLDT+TRnM3vYcO0N0U03t3nkECEz0Dmw+SBKXP4vSZ4NrvI2AwpSpMfqrP9ljtmNWyWTYauerU+2yjOIpYKtxHuWh0EJIWq8TkeONP6vfkAM99dMxyuZSqh6gI68SwoUFbKcc4yyNlWavaJiyVBrF6nIS9VlK6sleYZJVhrGiUap95xy4fxinO1VRAaNf11oudC7d0cBNkV5D4cQG/NqhbJgif9dz7caqp5Xx9wreOnDBVutHO7lx6XnQLP+l8fixVbTdx6eXerpHrxPE8fyNMSLlC6WznGK66oLhAx3GAIOqjR2UCeYB4WWIIflUF7rlXk+toXOU6K0PvhrYbDdWoYgTYiUzr5kP3+WVCd1H2i3JShcJvm/CsV+F5bSz9ax0PGwLqO+7yin01k6k4q+J/FU/b43kabI7G7MiG/sLIuBs10V31+P7VH9bKT64Tzc9FNIfIzX+vfwWXAT9D/KuLc0xfsq8uMH8Z8Wct8nM0T9b6Fd2yJO/z/8dgbxDTcIw1SvEp3eQiJ9pSDcomuDgb97MEJSA2w9Bp3TwsyxJKR83rcrCDgi1mfMz2Ec8mUgJdpyqWSW+wCqpyAkt+QZDjJC445qi6Giub81W1y/ZKLGqZCoTZ3k1HJal4uORJ265mmbABlzOoZ7lkdfYy0ck6HblrtVDE52K7B9tLpl6ac5D4NtGYi8FLGhJLomrRV8ezDbM0iUcN/92cjYwBG8L0sgEUMOjV11u77WYns4tlDsGNWcMG5lucAHWc9TAqj7k5teOXXk7XWEU68RyLbl1Fpnh/4N00r01g1p2uFmBg8zJjxKv3MLOS0EsY1HYr28FS2C1bimU6PzFL2UW7S9Y0XaE3peg5rUY79VrjJa7rmshOs1AHrHJb8qLMOJs7bR3EKYia5Qw2WuKMWiXMQT8rOeqIN+LSYfdQnZ5WpfVnsnOnsbBfGjMeENGbFDwIj9hpOArSISNhNm6/KFkhWBVtWzd0mT0/D06xfMKCeckz8UI5DtIIvyjj8AgDXZZDHg/p2AhuxFkuUVvC9uzM1n46XPzypdvh4lcscMnFLYAjvuDv/pPeJ580pY+fPj5Uhbbo2K4HiR/BVmOj7hOw7IQh8RMBgOKogG6RbOjAZoN1P/ykSD/ksJGFHe2gTH/xYact65tuKzqIFsmxYvFbMalFwtrCOG2R8IoOi4Qfil8GLhLGWOy+mfrdYAvhqjyW5UUmWzo3DNsVaG2FvzC9TjweoiIPp6f20i6SuEyCPsmKAocp7rP4OQBMIIs+K9OwkEYz0MMBs3Q99G1q0cjvD/S+bfUD3xmwQDdD8nwyhE1WAnvCnbqK5zTdzh2MDYyrhfI/nssRKw==','测试1',_binary '\0',_binary ''),(2,'eJyzScksU0jOSSwutlXKTSzKTskvz9NNyk+pVLKzyTC0C0otTk0sSs6w0QdyuGwyjOxSUouTizILSjLz84CCRnY2irq6Rrq6djb6QJPsADe4Gac=','# Research \n## description','# Research \n## description',2,'2022-07-04 21:42:29','2022-07-05 21:09:05',_binary '',4,_binary '','eJyzScksU0jOSSwutlXKTSzKTskvz9NNyk+pVLKzyTC0C0otTk0sSs6w0QdyuGwyjOxSUouTizILSjLz84CCRnY2irq6Rrq6djb6QJPsADe4Gac=','测试2',_binary '\0',_binary ''),(1621412887682117633,'eJyzScksU0jOSSwutlXKTSzKTskvz9NNyk+pVLKzKbBzTckssdEvsLNR1NU11NW1s9EHKrcDANe5EKg=',NULL,NULL,1,'2023-02-03 15:38:51','2023-02-03 15:38:51',_binary '',1,_binary '',NULL,'test2',_binary '\0',NULL),(1621414438891020290,'eJyzScksU0jOSSwutlXKTSzKTskvz9NNyk+pVLKzKbBzTckssdEvsLNR1NU11NW1s9EHKrcDANe5EKg=',NULL,NULL,1,'2023-02-03 15:45:01','2023-02-03 15:45:01',_binary '',1,_binary '',NULL,'test1',_binary '\0',NULL),(1621415027007938561,NULL,NULL,NULL,1,'2023-02-03 15:47:22','2023-02-03 15:47:22',_binary '\0',1,_binary '',NULL,'Test3',_binary '\0',NULL),(1621415465346162690,NULL,NULL,NULL,1,'2023-02-03 15:49:06','2023-02-03 15:49:06',_binary '\0',1,_binary '',NULL,'test4',_binary '\0',NULL),(1621415801502855169,'eJyzScksU0jOSSwutlXKTSzKTskvz9NNyk+pVLKzKbBzTckssdEvsLNR1NU11NW1s9EHKrcDANe5EKg=',NULL,NULL,1,'2023-02-03 15:50:26','2023-02-03 15:50:26',_binary '',1,_binary '\0',NULL,'aaa',_binary '\0',NULL),(1621416094428852226,NULL,NULL,NULL,1,'2023-02-03 15:51:36','2023-02-03 15:51:36',_binary '\0',1,_binary '\0',NULL,'bbbb',_binary '',NULL);
/*!40000 ALTER TABLE `edu_research` ENABLE KEYS */;
UNLOCK TABLES;

--
-- Table structure for table `edu_research_member`
--

DROP TABLE IF EXISTS `edu_research_member`;
/*!40101 SET @saved_cs_client     = @@character_set_client */;
/*!50503 SET character_set_client = utf8mb4 */;
CREATE TABLE `edu_research_member` (
  `id` bigint unsigned NOT NULL,
  `research_id` bigint unsigned NOT NULL,
  `member_id` bigint unsigned NOT NULL,
  `member_name` varchar(20) DEFAULT NULL,
  `gmt_create` datetime DEFAULT NULL,
  `gmt_modified` datetime DEFAULT NULL,
  `is_deleted` bit(1) NOT NULL DEFAULT b'0',
  PRIMARY KEY (`id`)
) ENGINE=InnoDB DEFAULT CHARSET=utf8mb4 COLLATE=utf8mb4_0900_ai_ci;
/*!40101 SET character_set_client = @saved_cs_client */;

--
-- Dumping data for table `edu_research_member`
--

LOCK TABLES `edu_research_member` WRITE;
/*!40000 ALTER TABLE `edu_research_member` DISABLE KEYS */;
INSERT INTO `edu_research_member` VALUES (1631270960701734914,1,101,'chang liu',NULL,NULL,_binary '\0'),(1631270960714317825,1,102,'hasi',NULL,NULL,_binary '\0'),(1631271904000704513,2,101,'chang liu',NULL,NULL,_binary '\0');
/*!40000 ALTER TABLE `edu_research_member` ENABLE KEYS */;
UNLOCK TABLES;

--
-- Table structure for table `edu_review`
--

DROP TABLE IF EXISTS `edu_review`;
/*!40101 SET @saved_cs_client     = @@character_set_client */;
/*!50503 SET character_set_client = utf8mb4 */;
CREATE TABLE `edu_review` (
  `id` bigint unsigned NOT NULL,
  `status` tinyint NOT NULL COMMENT '1.NONE; 2. APPLIED; 3.REJECTED; 4. FINISHED;5. PARTIAL',
  `gmt_create` datetime DEFAULT NULL,
  `gmt_modified` datetime DEFAULT NULL,
  `ref_type` int NOT NULL,
  `ref_id` bigint DEFAULT NULL,
  `version` bigint unsigned DEFAULT '1',
  `ref_parent_id` bigint unsigned DEFAULT NULL COMMENT 'course id, if the review is a course review',
  `ref_parent_type` tinyint DEFAULT NULL,
  PRIMARY KEY (`id`),
  KEY `edu_review_ref_id_index` (`ref_id`)
) ENGINE=InnoDB DEFAULT CHARSET=utf8mb4 COLLATE=utf8mb4_0900_ai_ci;
/*!40101 SET character_set_client = @saved_cs_client */;

--
-- Dumping data for table `edu_review`
--

LOCK TABLES `edu_review` WRITE;
/*!40000 ALTER TABLE `edu_review` DISABLE KEYS */;
INSERT INTO `edu_review` VALUES (1619977643770888194,2,'2023-01-30 16:35:43','2023-01-30 16:35:43',1,14,1,NULL,NULL),(1621359376860811265,2,'2023-02-03 12:06:14','2023-02-03 12:06:14',3,1574019405670006785,1,NULL,NULL),(1621359394405584898,3,'2023-02-03 12:06:18','2023-02-03 12:06:18',3,1616778254986346497,2,NULL,NULL),(1621776892711952385,4,'2023-02-04 15:45:17','2023-02-04 15:45:17',5,1,6,NULL,NULL),(1622077475662696449,4,'2023-02-05 11:39:42','2023-02-05 11:39:42',5,2,4,NULL,NULL),(1622585763961507842,3,'2023-02-06 21:19:27','2023-02-06 21:19:27',6,2,2,NULL,NULL),(1623155858689536002,4,'2023-02-08 11:04:48','2023-02-08 11:04:48',4,1617777015980040194,4,NULL,NULL),(1630150360096583682,4,'2023-02-27 18:18:27','2023-02-27 18:18:27',6,1,2,NULL,NULL),(1630153160637558785,4,'2023-02-27 18:29:35','2023-02-27 18:29:35',6,1,2,NULL,NULL),(1630190981305860098,4,'2023-02-27 20:59:52','2023-02-27 20:59:52',6,1,2,NULL,NULL),(1630191057596055554,4,'2023-02-27 21:00:10','2023-02-27 21:00:10',6,1,4,NULL,NULL),(1630191337960112130,4,'2023-02-27 21:01:17','2023-02-27 21:01:17',5,1,2,NULL,NULL),(1631349915014176770,4,'2023-03-03 01:45:03','2023-03-03 01:45:03',5,1,2,NULL,NULL),(1631350659494711298,4,'2023-03-03 01:48:01','2023-03-03 01:48:01',5,1,2,NULL,NULL),(1631350683918143489,4,'2023-03-03 01:48:07','2023-03-03 01:48:07',5,2,2,NULL,NULL),(1632703579544989698,4,'2023-03-06 19:24:02','2023-03-06 19:24:02',4,1559797359176167426,2,NULL,NULL),(1632711422297788418,4,'2023-03-06 19:55:12','2023-03-06 19:55:12',4,1617777015980040194,2,NULL,NULL),(1632712176794357761,4,'2023-03-06 19:58:12','2023-03-06 19:58:12',4,1617777015980040194,2,NULL,NULL),(1632713206999412738,4,'2023-03-06 20:02:18','2023-03-06 20:02:18',4,1617777015980040194,2,NULL,NULL),(1632720723821211649,4,'2023-03-06 20:32:10','2023-03-06 20:32:10',4,1559797359176167426,2,NULL,NULL),(1632721102894018561,4,'2023-03-06 20:33:40','2023-03-06 20:33:40',4,1559797359176167426,2,NULL,NULL),(1632722555830272001,4,'2023-03-06 20:39:26','2023-03-06 20:39:26',4,1559797359176167426,2,NULL,NULL),(1632725322682683394,4,'2023-03-06 20:50:26','2023-03-06 20:50:26',4,1559797359176167426,2,NULL,NULL),(1632725490207379457,4,'2023-03-06 20:51:06','2023-03-06 20:51:06',4,1617777015980040194,2,NULL,NULL),(1632727655546130433,4,'2023-03-06 20:59:42','2023-03-06 20:59:42',4,1559797359176167426,2,NULL,NULL),(1632729192829825026,4,'2023-03-06 21:05:49','2023-03-06 21:05:49',4,1559797359176167426,2,NULL,NULL),(1632730003358126082,4,'2023-03-06 21:09:02','2023-03-06 21:09:02',4,1617777015980040194,2,NULL,NULL),(1632730494892806146,4,'2023-03-06 21:10:59','2023-03-06 21:10:59',4,1617777015980040194,2,NULL,NULL),(1632731190530707458,4,'2023-03-06 21:13:45','2023-03-06 21:13:45',4,1617777015980040194,2,NULL,NULL),(1632732057296224258,4,'2023-03-06 21:17:12','2023-03-06 21:17:12',4,1617777015980040194,2,NULL,NULL),(1632733640444620801,4,'2023-03-06 21:23:29','2023-03-06 21:23:29',4,1617777015980040194,2,NULL,NULL),(1632746104162942978,4,'2023-03-06 22:13:01','2023-03-06 22:13:01',4,1617777015980040194,2,NULL,NULL),(1632746277811322881,4,'2023-03-06 22:13:42','2023-03-06 22:13:42',4,1617777015980040194,2,NULL,NULL);
/*!40000 ALTER TABLE `edu_review` ENABLE KEYS */;
UNLOCK TABLES;

--
-- Table structure for table `edu_review_msg`
--

DROP TABLE IF EXISTS `edu_review_msg`;
/*!40101 SET @saved_cs_client     = @@character_set_client */;
/*!50503 SET character_set_client = utf8mb4 */;
CREATE TABLE `edu_review_msg` (
  `id` bigint unsigned NOT NULL,
  `ref_id` bigint unsigned NOT NULL,
  `ref_type` int NOT NULL,
  `request_user_id` bigint unsigned NOT NULL,
  `request_msg` tinytext NOT NULL,
  `review_user_id` bigint unsigned DEFAULT NULL,
  `review_msg` tinytext,
  `gmt_create` datetime DEFAULT NULL,
  `gmt_modified` datetime DEFAULT NULL,
  `review_id` bigint unsigned DEFAULT NULL,
  `request_username` varchar(40) DEFAULT NULL,
  `review_username` varchar(40) DEFAULT NULL,
  `review_action` tinyint DEFAULT NULL,
  PRIMARY KEY (`id`)
) ENGINE=InnoDB DEFAULT CHARSET=utf8mb4 COLLATE=utf8mb4_0900_ai_ci;
/*!40101 SET character_set_client = @saved_cs_client */;

--
-- Dumping data for table `edu_review_msg`
--

LOCK TABLES `edu_review_msg` WRITE;
/*!40000 ALTER TABLE `edu_review_msg` DISABLE KEYS */;
INSERT INTO `edu_review_msg` VALUES (1619977644018352129,14,1,1,'ssssss',NULL,NULL,'2023-01-30 16:35:43','2023-01-30 16:35:43',1619977643770888194,'admin',NULL,NULL),(1621359377066332161,1574019405670006785,3,1,'',NULL,NULL,'2023-02-03 12:06:14','2023-02-03 12:06:14',1621359376860811265,'admin',NULL,NULL),(1621359394434945025,1616778254986346497,3,1,'',1,'','2023-02-03 12:06:18','2023-02-03 12:06:18',1621359394405584898,'admin','admin',2),(1621776892946833409,1,5,1,'',1,'','2023-02-04 15:45:17','2023-02-04 15:45:17',1621776892711952385,'admin','admin',1),(1622076984207708161,1,5,1,'',1,'','2023-02-05 11:37:44','2023-02-05 11:37:44',1621776892711952385,'admin','admin',2),(1622077475700445186,2,5,1,'',1,'','2023-02-05 11:39:42','2023-02-05 11:39:42',1622077475662696449,'admin','admin',2),(1622077809269248002,1,5,1,'',1,'','2023-02-05 11:41:01','2023-02-05 11:41:01',1621776892711952385,'admin','admin',1),(1622585764171223041,2,6,1,'',1,'','2023-02-06 21:19:27','2023-02-06 21:19:27',1622585763961507842,'admin','admin',2),(1623155859029274625,1617777015980040194,4,1,'',1,'','2023-02-08 11:04:48','2023-02-08 11:04:48',1623155858689536002,'admin','admin',2),(1630150360268550146,1,6,1,'',1,'','2023-02-27 18:18:27','2023-02-27 18:18:27',1630150360096583682,'admin','admin',1),(1630153160713056257,1,6,1,'',1,'','2023-02-27 18:29:35','2023-02-27 18:29:35',1630153160637558785,'admin','admin',1),(1630190981347803138,1,6,1,'',1,'','2023-02-27 20:59:52','2023-02-27 20:59:52',1630190981305860098,'admin','admin',1),(1630191057604444162,1,6,1,'',1,'','2023-02-27 21:00:10','2023-02-27 21:00:10',1630191057596055554,'admin','admin',2),(1630191111849377793,1,6,1,'',1,'','2023-02-27 21:00:23','2023-02-27 21:00:23',1630191057596055554,'admin','admin',1),(1630191337972695041,1,5,1,'',1,'','2023-02-27 21:01:17','2023-02-27 21:01:17',1630191337960112130,'admin','admin',1),(1631349915144200194,1,5,1,'',1,'','2023-03-03 01:45:03','2023-03-03 01:45:03',1631349915014176770,'admin','admin',1),(1631349935281053697,2,5,1,'',1,'','2023-03-03 01:45:08','2023-03-03 01:45:08',1622077475662696449,'admin','admin',1),(1631350659641511937,1,5,1,'',1,'','2023-03-03 01:48:01','2023-03-03 01:48:01',1631350659494711298,'admin','admin',1),(1631350683943309314,2,5,1,'',1,'','2023-03-03 01:48:07','2023-03-03 01:48:07',1631350683918143489,'admin','admin',1),(1632703579687596033,1559797359176167426,4,1,'',1,'','2023-03-06 19:24:02','2023-03-06 19:24:02',1632703579544989698,'admin','admin',1),(1632704567131615234,1617777015980040194,4,1,'',1,'','2023-03-06 19:27:58','2023-03-06 19:27:58',1623155858689536002,'admin','admin',1),(1632711422335537153,1617777015980040194,4,1,'',1,'','2023-03-06 19:55:12','2023-03-06 19:55:12',1632711422297788418,'admin','admin',1),(1632712176811134977,1617777015980040194,4,1,'',1,'','2023-03-06 19:58:12','2023-03-06 19:58:12',1632712176794357761,'admin','admin',1),(1632713207049744386,1617777015980040194,4,1,'',1,'','2023-03-06 20:02:18','2023-03-06 20:02:18',1632713206999412738,'admin','admin',1),(1632720723938652162,1559797359176167426,4,1,'',1,'','2023-03-06 20:32:10','2023-03-06 20:32:10',1632720723821211649,'admin','admin',1),(1632721102906601474,1559797359176167426,4,1,'',1,'','2023-03-06 20:33:40','2023-03-06 20:33:40',1632721102894018561,'admin','admin',1),(1632722555914158081,1559797359176167426,4,1,'',1,'','2023-03-06 20:39:27','2023-03-06 20:39:27',1632722555830272001,'admin','admin',1),(1632725322749792257,1559797359176167426,4,1,'',1,'','2023-03-06 20:50:26','2023-03-06 20:50:26',1632725322682683394,'admin','admin',1),(1632725490219962369,1617777015980040194,4,1,'',1,'','2023-03-06 20:51:06','2023-03-06 20:51:06',1632725490207379457,'admin','admin',1),(1632727655655182338,1559797359176167426,4,1,'',1,'','2023-03-06 20:59:42','2023-03-06 20:59:42',1632727655546130433,'admin','admin',1),(1632729192892739586,1559797359176167426,4,1,'',1,'','2023-03-06 21:05:49','2023-03-06 21:05:49',1632729192829825026,'admin','admin',1),(1632730003483955202,1617777015980040194,4,1,'',1,'','2023-03-06 21:09:02','2023-03-06 21:09:02',1632730003358126082,'admin','admin',1),(1632730494905389057,1617777015980040194,4,1,'',1,'','2023-03-06 21:10:59','2023-03-06 21:10:59',1632730494892806146,'admin','admin',1),(1632731190543290370,1617777015980040194,4,1,'',1,'','2023-03-06 21:13:45','2023-03-06 21:13:45',1632731190530707458,'admin','admin',1),(1632732057388498945,1617777015980040194,4,1,'',1,'','2023-03-06 21:17:12','2023-03-06 21:17:12',1632732057296224258,'admin','admin',1),(1632733640511729665,1617777015980040194,4,1,'',1,'','2023-03-06 21:23:29','2023-03-06 21:23:29',1632733640444620801,'admin','admin',1),(1632746104267800577,1617777015980040194,4,1,'',1,'','2023-03-06 22:13:01','2023-03-06 22:13:01',1632746104162942978,'admin','admin',1),(1632746277836488705,1617777015980040194,4,1,'',1,'','2023-03-06 22:13:42','2023-03-06 22:13:42',1632746277811322881,'admin','admin',1);
/*!40000 ALTER TABLE `edu_review_msg` ENABLE KEYS */;
UNLOCK TABLES;

--
-- Table structure for table `edu_scholar`
--

DROP TABLE IF EXISTS `edu_scholar`;
/*!40101 SET @saved_cs_client     = @@character_set_client */;
/*!50503 SET character_set_client = utf8mb4 */;
CREATE TABLE `edu_scholar` (
  `id` bigint unsigned NOT NULL,
  `title` varchar(300) CHARACTER SET utf8mb4 COLLATE utf8mb4_unicode_ci DEFAULT NULL,
  `year` char(4) CHARACTER SET utf8mb4 COLLATE utf8mb4_unicode_ci DEFAULT NULL,
  `authors` varchar(80) CHARACTER SET utf8mb4 COLLATE utf8mb4_unicode_ci DEFAULT NULL,
  `publication_date` char(10) COLLATE utf8mb4_unicode_ci DEFAULT NULL,
  `journal` varchar(100) CHARACTER SET utf8mb4 COLLATE utf8mb4_unicode_ci DEFAULT NULL,
  `volume` int DEFAULT NULL,
  `issue` int DEFAULT NULL,
  `pages` varchar(20) CHARACTER SET utf8mb4 COLLATE utf8mb4_unicode_ci DEFAULT NULL,
  `publisher` varchar(60) CHARACTER SET utf8mb4 COLLATE utf8mb4_unicode_ci DEFAULT NULL,
  `description` text CHARACTER SET utf8mb4 COLLATE utf8mb4_unicode_ci,
  `link_text` varchar(200) CHARACTER SET utf8mb4 COLLATE utf8mb4_unicode_ci DEFAULT NULL,
  `link_url` varchar(400) CHARACTER SET utf8mb4 COLLATE utf8mb4_unicode_ci DEFAULT NULL,
  `total_citations` int DEFAULT '0',
  `gmt_create` datetime NOT NULL,
  `gmt_modified` datetime NOT NULL,
  `version` bigint unsigned NOT NULL DEFAULT '1',
  `is_deleted` tinyint DEFAULT '0',
  `title_link_url` varchar(400) COLLATE utf8mb4_unicode_ci DEFAULT NULL,
  `google_link` varchar(400) COLLATE utf8mb4_unicode_ci DEFAULT NULL,
  PRIMARY KEY (`id`)
) ENGINE=InnoDB DEFAULT CHARSET=utf8mb4 COLLATE=utf8mb4_unicode_ci;
/*!40101 SET character_set_client = @saved_cs_client */;

--
-- Dumping data for table `edu_scholar`
--

LOCK TABLES `edu_scholar` WRITE;
/*!40000 ALTER TABLE `edu_scholar` DISABLE KEYS */;
INSERT INTO `edu_scholar` VALUES (1540709429594497026,'A gene-editing/complementation strategy for tissue-specific lignin reduction while preserving biomass ','2021','Hasi Yu, Chang Liu, Richard A Dixonaa22','2021-12','Biotechnology for biofuels',14,1,'1-12','BioMed Central','Lignification of secondary cell walls is a major factor conferring recalcitrance of lignocellulosic biomass to deconstruction for fuels and chemicals. Genetic modification can reduce lignin content and enhance saccharification efficiency, but usually at the cost of moderate-to-severe growth penalties. We have developed a method, using a single DNA construct that uses CRISPR–Cas9 gene editing to knock-out expression of an endogenous gene of lignin monomer biosynthesis while at the same time expressing a modified version of the gene’s open reading frame that escapes cutting by the Cas9 system and complements the introduced mutation in a tissue-specific manner. Expressing the complementing open reading frame in vessels allows for the regeneration of Arabidopsis plants with reduced lignin, wild-type biomass yield, and up to fourfold enhancement of cell wall sugar yield per plant. The above phenotypes are seen in both homozygous and bi-allelic heterozygous T1 lines, and are stable over at least four generations. The method provides a rapid approach for generating reduced lignin trees or crops with one single transformation event, and, paired with a range of tissue-specific promoters, provides a general strategy for optimizing loss-of-function traits that are associated with growth penalties. This method should be applicable to any plant species in which transformation and gene editing are feasible and validated vessel-specific promoters are available.','[HTML] from biomedcentral.com','https://biotechnologyforbiofuels.biomedcentral.com/articles/10.1186/s13068-021-02026-5',4,'2021-12-26 22:52:08','2023-01-13 21:17:36',42,0,'https://academic.oup.com/plphys/article-abstract/166/3/1463/6111198','https://scholar.google.com/citations?view_op=view_citation&hl=en&user=LyCSqO0AAAAJ&citation_for_view=LyCSqO0AAAAJ:eQOLeE2rZwMC'),(1540709429594497027,'Ab gene-editing/complementation strategy for tissue-specific lignin reduction while preserving biomass yield','2021','Hasi Yu, Chang Liu, Richard A Dixon','2021-12','Biotechnology for biofuels',14,1,'1-12','BioMed Central','Lignification of secondary cell walls is a major factor conferring recalcitrance of lignocellulosic biomass to deconstruction for fuels and chemicals. Genetic modification can reduce lignin content and enhance saccharification efficiency, but usually at the cost of moderate-to-severe growth penalties. We have developed a method, using a single DNA construct that uses CRISPR–Cas9 gene editing to knock-out expression of an endogenous gene of lignin monomer biosynthesis while at the same time expressing a modified version of the gene’s open reading frame that escapes cutting by the Cas9 system and complements the introduced mutation in a tissue-specific manner. Expressing the complementing open reading frame in vessels allows for the regeneration of Arabidopsis plants with reduced lignin, wild-type biomass yield, and up to fourfold enhancement of cell wall sugar yield per plant. The above phenotypes are seen in both homozygous and bi-allelic heterozygous T1 lines, and are stable over at least four generations. The method provides a rapid approach for generating reduced lignin trees or crops with one single transformation event, and, paired with a range of tissue-specific promoters, provides a general strategy for optimizing loss-of-function traits that are associated with growth penalties. This method should be applicable to any plant species in which transformation and gene editing are feasible and validated vessel-specific promoters are available.','[HTML] from biomedcentral.com','https://biotechnologyforbiofuels.biomedcentral.com/articles/10.1186/s13068-021-02026-5',2,'2021-12-26 22:52:08','2021-12-26 22:53:19',18,0,'https://academic.oup.com/plphys/article-abstract/166/3/1463/6111198',NULL),(1630950645526241281,'',NULL,NULL,'2023-3',NULL,NULL,NULL,NULL,NULL,NULL,NULL,NULL,1,'2023-03-01 23:18:30','2023-03-01 23:18:30',1,0,NULL,NULL);
/*!40000 ALTER TABLE `edu_scholar` ENABLE KEYS */;
UNLOCK TABLES;

--
-- Table structure for table `edu_scholar_citation`
--

DROP TABLE IF EXISTS `edu_scholar_citation`;
/*!40101 SET @saved_cs_client     = @@character_set_client */;
/*!50503 SET character_set_client = utf8mb4 */;
CREATE TABLE `edu_scholar_citation` (
  `id` bigint unsigned NOT NULL,
  `scholar_id` bigint unsigned DEFAULT NULL,
  `year` smallint DEFAULT NULL,
  `citations` int DEFAULT '0',
  `gmt_create` datetime NOT NULL,
  `gmt_modified` datetime NOT NULL,
  `version` bigint unsigned DEFAULT '1',
  PRIMARY KEY (`id`),
  KEY `edu_scholar_citation_scholar_id_year_index` (`scholar_id`,`year`)
) ENGINE=InnoDB DEFAULT CHARSET=utf8mb4 COLLATE=utf8mb4_unicode_ci;
/*!40101 SET character_set_client = @saved_cs_client */;

--
-- Dumping data for table `edu_scholar_citation`
--

LOCK TABLES `edu_scholar_citation` WRITE;
/*!40000 ALTER TABLE `edu_scholar_citation` DISABLE KEYS */;
INSERT INTO `edu_scholar_citation` VALUES (1574786985913556994,1540709429594497026,2021,1,'2022-09-27 23:44:10','2023-03-01 22:50:46',1),(1574786985913556995,1540709429594497026,2024,4,'2022-09-27 23:44:10','2023-03-01 22:50:46',1),(1574786985917751297,1540709429594497026,2022,2,'2022-09-27 23:44:10','2023-03-01 22:50:46',1),(1613920219297329154,1540709429594497026,2023,3,'2023-01-13 23:25:40','2023-03-01 22:50:46',1);
/*!40000 ALTER TABLE `edu_scholar_citation` ENABLE KEYS */;
UNLOCK TABLES;

--
-- Table structure for table `edu_section`
--

DROP TABLE IF EXISTS `edu_section`;
/*!40101 SET @saved_cs_client     = @@character_set_client */;
/*!50503 SET character_set_client = utf8mb4 */;
CREATE TABLE `edu_section` (
  `id` bigint unsigned NOT NULL,
  `course_id` bigint unsigned DEFAULT NULL,
  `chapter_id` bigint unsigned DEFAULT NULL,
  `title` varchar(80) CHARACTER SET utf8mb4 COLLATE utf8mb4_unicode_ci NOT NULL,
  `video_link` tinytext CHARACTER SET utf8mb4 COLLATE utf8mb4_unicode_ci,
  `gmt_create` datetime NOT NULL,
  `gmt_modified` datetime NOT NULL,
  `version` bigint unsigned DEFAULT '1',
  `view_count` bigint unsigned DEFAULT '0',
  `sort` tinyint unsigned DEFAULT NULL,
  `is_published` tinyint(1) NOT NULL DEFAULT '0' COMMENT '课程状态 0未发布  1已发布',
  `is_modified` tinyint(1) DEFAULT '0' COMMENT ' 1（true）modified since publish， 0（false）not modified since publish',
  `review` tinyint DEFAULT '1' COMMENT '0- , 1 request for review , 2 review request rejected',
  `is_remove_after_review` tinyint(1) DEFAULT '0',
  PRIMARY KEY (`id`)
) ENGINE=InnoDB DEFAULT CHARSET=utf8mb4 COLLATE=utf8mb4_unicode_ci;
/*!40101 SET character_set_client = @saved_cs_client */;

--
-- Dumping data for table `edu_section`
--

LOCK TABLES `edu_section` WRITE;
/*!40000 ALTER TABLE `edu_section` DISABLE KEYS */;
INSERT INTO `edu_section` VALUES (1536740526384164866,1192252213659774977,1192252428399751169,'section one','<iframe src=\"//player.bilibili.com/player.html?aid=930916458&bvid=BV1HK4y1X76U&cid=349536179&page=1\" scrolling=\"no\" border=\"0\" frameborder=\"no\" framespacing=\"0\" allowfullscreen=\"true\"> </iframe>','2022-06-15 00:01:07','2022-06-15 00:01:07',3,0,NULL,0,1,2,0),(1536755975322808322,1192252213659774977,1536721317721788418,'section two','section two','2022-06-15 01:02:31','2022-06-15 01:02:31',6,0,NULL,0,1,2,0),(1537051156941099009,14,3,'section one','<iframe src=\"//player.bilibili.com/player.html?aid=930916458&bvid=BV1HK4y1X76U&cid=349536390&page=2\" scrolling=\"no\" border=\"0\" frameborder=\"no\" framespacing=\"0\" allowfullscreen=\"true\"> </iframe>','2021-12-26 20:35:28','2021-12-26 20:35:28',3,0,NULL,0,0,1,0),(1570090557819592706,14,3,'New Section',NULL,'2022-09-15 00:42:15','2022-09-15 00:42:15',1,0,2,0,0,1,0),(1570090678095454209,14,3,'New Section',NULL,'2022-09-15 00:42:43','2022-09-15 00:42:43',1,0,3,0,0,1,0),(1570091071965765633,14,3,'New Section',NULL,'2022-09-15 00:44:17','2022-09-15 00:44:17',1,0,4,0,0,1,0),(1574019405670006785,14,1,'New Section',NULL,'2022-09-25 20:54:05','2022-09-25 20:54:05',5,0,2,0,0,2,0),(1574020667534753793,14,1,'New Section',NULL,'2022-09-25 20:59:06','2022-09-25 20:59:06',3,0,3,0,0,1,0),(1574020790037790721,14,1,'New Section',NULL,'2022-09-25 20:59:35','2022-09-25 20:59:35',1,0,4,0,0,1,0),(1574020897525219329,14,1,'New Section',NULL,'2022-09-25 21:00:01','2022-09-25 21:00:01',1,0,5,0,0,1,0),(1574022964411121666,14,1,'New Section',NULL,'2022-09-25 21:08:13','2022-09-25 21:08:13',1,0,6,0,0,1,0),(1574024312191991809,14,1,'New Section',NULL,'2022-09-25 21:13:35','2022-09-25 21:13:35',1,0,7,0,0,1,0),(1616778254986346497,14,1,'chapter two',NULL,'2023-01-21 20:42:29','2023-01-21 20:42:29',1,0,2,0,0,3,0),(1616779088776232962,14,1,'section two',NULL,'2023-01-21 20:45:48','2023-02-19 20:45:12',3,0,1,1,1,4,0);
/*!40000 ALTER TABLE `edu_section` ENABLE KEYS */;
UNLOCK TABLES;

--
-- Table structure for table `edu_section_markdown`
--

DROP TABLE IF EXISTS `edu_section_markdown`;
/*!40101 SET @saved_cs_client     = @@character_set_client */;
/*!50503 SET character_set_client = utf8mb4 */;
CREATE TABLE `edu_section_markdown` (
  `id` bigint unsigned NOT NULL,
  `markdown` mediumtext,
  `html_br_base64` mediumtext,
  PRIMARY KEY (`id`)
) ENGINE=InnoDB DEFAULT CHARSET=utf8mb4 COLLATE=utf8mb4_0900_ai_ci;
/*!40101 SET character_set_client = @saved_cs_client */;

--
-- Dumping data for table `edu_section_markdown`
--

LOCK TABLES `edu_section_markdown` WRITE;
/*!40000 ALTER TABLE `edu_section_markdown` DISABLE KEYS */;
INSERT INTO `edu_section_markdown` VALUES (1192252428399751169,'## Section one',NULL),(1536740526384164866,'please edit\n\n\ndfsdfwe',NULL),(1536755975322808322,'please edit\n\nssss\nssaabb',NULL),(1537051156941099009,'# 9009\n## section one',NULL),(1570090557819592706,'Please Edit',NULL),(1570090678095454209,'Please Edit',NULL),(1570091071965765633,'Please Edit',NULL),(1574019405670006785,'Please Edit',NULL),(1574020667534753793,'Please Edit',NULL),(1574020790037790721,'Please Edit',NULL),(1574020897525219329,'Please Edit',NULL),(1574022964411121666,'Please Edit',NULL),(1574024312191991809,'Please Edit',NULL),(1593981930071154690,'# title\n## subtitle\n\n中文乱码\n','eJyzScksU0jOSSwutlXKTSzKTskvz9NNyk+pVLKzyTC0K8ksyUm10QeyuGwyjOyKS5NgIkZAkQK7JzvWPpvW/mTnxucLGm30C+xsFHV1DXV17Wz0gebaAQAqlCIS'),(1616777482756259842,NULL,NULL),(1616778254986346497,'中文测试',NULL),(1616778991598403585,'Edit',NULL),(1616779088776232962,'# title\n@sdfawer\n\n![2matrix.png](https://changliulab.oss-cn-beijing.aliyuncs.com/course/14/1/16768105050162matrix.png \"2matrix.png\")','eJxVj0sOwiAYhPeeorIHxGhtDCVehVKkKK/wU2tvL3bXzGbmW0xm+Gg/jXISoEde5vcYl4CHOK5I8ImJYovTnFZ34Ek8YHzKRWdO05a59aaBrHo0lZLgTqmaZDDOzk4OJAJgVcu0fdlgiHR2nYMCoqKnKs4ZNGUXyihrb23HTtcq1p69LNl+SQoGNdKVHu3ItmfPxH8NP2LcYVx9/SN+IytGJQ=='),(1616779397284069377,NULL,NULL),(1616779426677751810,NULL,NULL),(1616786364874452994,NULL,NULL);
/*!40000 ALTER TABLE `edu_section_markdown` ENABLE KEYS */;
UNLOCK TABLES;

--
-- Table structure for table `edu_section_published`
--

DROP TABLE IF EXISTS `edu_section_published`;
/*!40101 SET @saved_cs_client     = @@character_set_client */;
/*!50503 SET character_set_client = utf8mb4 */;
CREATE TABLE `edu_section_published` (
  `id` bigint unsigned NOT NULL,
  `course_id` bigint unsigned DEFAULT NULL,
  `chapter_id` bigint unsigned DEFAULT NULL,
  `title` varchar(80) CHARACTER SET utf8mb4 COLLATE utf8mb4_unicode_ci NOT NULL,
  `video_link` tinytext CHARACTER SET utf8mb4 COLLATE utf8mb4_unicode_ci,
  `gmt_create` datetime NOT NULL,
  `gmt_modified` datetime NOT NULL,
  `content` mediumtext CHARACTER SET utf8mb4 COLLATE utf8mb4_unicode_ci,
  `version` bigint unsigned DEFAULT '1',
  `view_count` bigint unsigned DEFAULT '0',
  `sort` tinyint unsigned DEFAULT NULL,
  PRIMARY KEY (`id`)
) ENGINE=InnoDB DEFAULT CHARSET=utf8mb4 COLLATE=utf8mb4_unicode_ci;
/*!40101 SET character_set_client = @saved_cs_client */;

--
-- Dumping data for table `edu_section_published`
--

LOCK TABLES `edu_section_published` WRITE;
/*!40000 ALTER TABLE `edu_section_published` DISABLE KEYS */;
INSERT INTO `edu_section_published` VALUES (1593981930071154690,15,1576968767102640130,'New Section',NULL,'2022-11-19 22:58:02','2022-11-19 22:58:02',NULL,4,0,1),(1616779088776232962,14,1,'section two',NULL,'2023-01-21 20:45:48','2023-01-21 22:25:41',NULL,2,0,1);
/*!40000 ALTER TABLE `edu_section_published` ENABLE KEYS */;
UNLOCK TABLES;

--
-- Table structure for table `edu_section_published_md`
--

DROP TABLE IF EXISTS `edu_section_published_md`;
/*!40101 SET @saved_cs_client     = @@character_set_client */;
/*!50503 SET character_set_client = utf8mb4 */;
CREATE TABLE `edu_section_published_md` (
  `id` bigint unsigned NOT NULL,
  `markdown` mediumtext,
  `html_br_base64` mediumtext,
  PRIMARY KEY (`id`)
) ENGINE=InnoDB DEFAULT CHARSET=utf8mb4 COLLATE=utf8mb4_0900_ai_ci;
/*!40101 SET character_set_client = @saved_cs_client */;

--
-- Dumping data for table `edu_section_published_md`
--

LOCK TABLES `edu_section_published_md` WRITE;
/*!40000 ALTER TABLE `edu_section_published_md` DISABLE KEYS */;
INSERT INTO `edu_section_published_md` VALUES (1593981930071154690,'# title\n## subtitle',NULL),(1616779088776232962,'# title\n@sdfawer','eJyzScksU0jOSSwutlXKTSzKTskvz9NNyk+pVLKzyTC0K8ksyUm10QeyuGwK7ByKU9ISy1OLbPQL7GwUdXUNDXV17Wz0gUbYAQB7UhcA');
/*!40000 ALTER TABLE `edu_section_published_md` ENABLE KEYS */;
UNLOCK TABLES;

--
-- Table structure for table `edu_subject`
--

DROP TABLE IF EXISTS `edu_subject`;
/*!40101 SET @saved_cs_client     = @@character_set_client */;
/*!50503 SET character_set_client = utf8mb4 */;
CREATE TABLE `edu_subject` (
  `id` bigint unsigned NOT NULL COMMENT '课程类别ID',
  `title` varchar(10) NOT NULL COMMENT '类别名称',
  `parent_id` bigint unsigned NOT NULL DEFAULT '0' COMMENT '父ID',
  `sort` int unsigned NOT NULL DEFAULT '0' COMMENT '排序字段',
  `gmt_create` datetime NOT NULL COMMENT '创建时间',
  `gmt_modified` datetime NOT NULL COMMENT '更新时间',
  PRIMARY KEY (`id`),
  KEY `idx_parent_id` (`parent_id`)
) ENGINE=InnoDB DEFAULT CHARSET=utf8mb4 COLLATE=utf8mb4_0900_ai_ci ROW_FORMAT=COMPACT COMMENT='课程科目';
/*!40101 SET character_set_client = @saved_cs_client */;

--
-- Dumping data for table `edu_subject`
--

LOCK TABLES `edu_subject` WRITE;
/*!40000 ALTER TABLE `edu_subject` DISABLE KEYS */;
INSERT INTO `edu_subject` VALUES (101,'实验',0,101,'2022-05-20 21:34:27','2022-05-20 21:34:29'),(102,'统计学',0,102,'2022-05-20 21:36:35','2022-05-20 21:36:36'),(1011,'注意事项',101,201,'2022-05-20 21:35:47','2022-05-20 21:35:48'),(1021,'回归分析',102,202,'2022-05-20 21:37:34','2022-05-20 21:37:35'),(1022,'R',102,203,'2022-05-20 21:39:02','2022-05-20 21:39:03'),(1578726054812979202,'pandas',102,0,'2022-10-08 20:36:37','2022-10-08 20:36:37');
/*!40000 ALTER TABLE `edu_subject` ENABLE KEYS */;
UNLOCK TABLES;

--
-- Table structure for table `lab_record`
--

DROP TABLE IF EXISTS `lab_record`;
/*!40101 SET @saved_cs_client     = @@character_set_client */;
/*!50503 SET character_set_client = utf8mb4 */;
CREATE TABLE `lab_record` (
  `id` bigint unsigned NOT NULL,
  `title` varchar(400) CHARACTER SET utf8mb4 COLLATE utf8mb4_unicode_ci DEFAULT NULL,
  `author_id` bigint unsigned DEFAULT NULL,
  `author_name` varchar(40) CHARACTER SET utf8mb4 COLLATE utf8mb4_unicode_ci DEFAULT NULL,
  `gmt_create` datetime DEFAULT NULL,
  `gmt_modified` datetime DEFAULT NULL,
  `version` bigint unsigned DEFAULT '1',
  `column_8` int DEFAULT NULL,
  PRIMARY KEY (`id`)
) ENGINE=InnoDB DEFAULT CHARSET=utf8mb4 COLLATE=utf8mb4_unicode_ci;
/*!40101 SET character_set_client = @saved_cs_client */;

--
-- Dumping data for table `lab_record`
--

LOCK TABLES `lab_record` WRITE;
/*!40000 ALTER TABLE `lab_record` DISABLE KEYS */;
/*!40000 ALTER TABLE `lab_record` ENABLE KEYS */;
UNLOCK TABLES;

--
-- Table structure for table `lab_record_content`
--

DROP TABLE IF EXISTS `lab_record_content`;
/*!40101 SET @saved_cs_client     = @@character_set_client */;
/*!50503 SET character_set_client = utf8mb4 */;
CREATE TABLE `lab_record_content` (
  `id` bigint unsigned NOT NULL,
  `content` text CHARACTER SET utf8mb4 COLLATE utf8mb4_unicode_ci,
  `gmt_create` datetime DEFAULT NULL,
  `gmt_modified` datetime DEFAULT NULL,
  PRIMARY KEY (`id`)
) ENGINE=InnoDB DEFAULT CHARSET=utf8mb4 COLLATE=utf8mb4_unicode_ci;
/*!40101 SET character_set_client = @saved_cs_client */;

--
-- Dumping data for table `lab_record_content`
--

LOCK TABLES `lab_record_content` WRITE;
/*!40000 ALTER TABLE `lab_record_content` DISABLE KEYS */;
/*!40000 ALTER TABLE `lab_record_content` ENABLE KEYS */;
UNLOCK TABLES;

--
-- Table structure for table `luckysheet`
--

DROP TABLE IF EXISTS `luckysheet`;
/*!40101 SET @saved_cs_client     = @@character_set_client */;
/*!50503 SET character_set_client = utf8mb4 */;
CREATE TABLE `luckysheet` (
  `id` bigint NOT NULL,
  `block_id` varchar(200) NOT NULL,
  `row_col` varchar(50) DEFAULT NULL,
  `index` varchar(200) NOT NULL,
  `list_id` varchar(200) NOT NULL,
  `status` int DEFAULT NULL,
  `json_data` json DEFAULT NULL,
  `order` int DEFAULT NULL,
  `is_delete` int DEFAULT NULL,
  PRIMARY KEY (`id`),
  KEY `lib` (`list_id`,`index`,`block_id`),
  KEY ```order``` (`order`),
  KEY ```status``` (`status`),
  KEY ```is_delete``` (`is_delete`)
) ENGINE=InnoDB DEFAULT CHARSET=armscii8;
/*!40101 SET character_set_client = @saved_cs_client */;

--
-- Dumping data for table `luckysheet`
--

LOCK TABLES `luckysheet` WRITE;
/*!40000 ALTER TABLE `luckysheet` DISABLE KEYS */;
INSERT INTO `luckysheet` VALUES (335032682838888448,'fblock','5_5','1','1079500#-8803#7c45f52b7d01486d88bc53cb17dcd2xc',1,'{\"row\": 84, \"name\": \"Sheet1\", \"chart\": [], \"color\": \"\", \"index\": \"1\", \"order\": 0, \"column\": 60, \"config\": {}, \"status\": 1, \"celldata\": [], \"ch_width\": 4748, \"rowsplit\": [], \"rh_height\": 1790, \"scrollTop\": 0, \"scrollLeft\": 0, \"visibledatarow\": [], \"visibledatacolumn\": [], \"jfgird_select_save\": [], \"jfgrid_selection_range\": {}}',0,0),(335032682859859968,'fblock','5_5','2','1079500#-8803#7c45f52b7d01486d88bc53cb17dcd2xc',0,'{\"row\": 84, \"name\": \"Sheet2\", \"chart\": [], \"color\": \"\", \"index\": \"2\", \"order\": 1, \"column\": 60, \"config\": {}, \"status\": 0, \"celldata\": [], \"ch_width\": 4748, \"rowsplit\": [], \"rh_height\": 1790, \"scrollTop\": 0, \"scrollLeft\": 0, \"visibledatarow\": [], \"visibledatacolumn\": [], \"jfgird_select_save\": [], \"jfgrid_selection_range\": {}}',1,0),(335032682859859969,'fblock','5_5','3','1079500#-8803#7c45f52b7d01486d88bc53cb17dcd2xc',0,'{\"row\": 84, \"name\": \"Sheet3\", \"chart\": [], \"color\": \"\", \"index\": \"3\", \"order\": 2, \"column\": 60, \"config\": {}, \"status\": 0, \"celldata\": [], \"ch_width\": 4748, \"rowsplit\": [], \"rh_height\": 1790, \"scrollTop\": 0, \"scrollLeft\": 0, \"visibledatarow\": [], \"visibledatacolumn\": [], \"jfgird_select_save\": [], \"jfgrid_selection_range\": {}}',2,0),(335032682859859970,'fblock','5_5','1','1079500#-8803#7c45f52b7d01486d88bc53cb17dcd2c3',1,'{\"row\": 84, \"name\": \"Sheet1\", \"chart\": [], \"color\": \"\", \"index\": \"1\", \"order\": 0, \"column\": 60, \"config\": {}, \"status\": 1, \"celldata\": [], \"ch_width\": 4748, \"rowsplit\": [], \"rh_height\": 1790, \"scrollTop\": 0, \"scrollLeft\": 0, \"visibledatarow\": [], \"visibledatacolumn\": [], \"jfgird_select_save\": [], \"jfgrid_selection_range\": {}}',0,0),(335032682859859971,'fblock','5_5','2','1079500#-8803#7c45f52b7d01486d88bc53cb17dcd2c3',0,'{\"row\": 84, \"name\": \"Sheet2\", \"chart\": [], \"color\": \"\", \"index\": \"2\", \"order\": 1, \"column\": 60, \"config\": {}, \"status\": 0, \"celldata\": [], \"ch_width\": 4748, \"rowsplit\": [], \"rh_height\": 1790, \"scrollTop\": 0, \"scrollLeft\": 0, \"visibledatarow\": [], \"visibledatacolumn\": [], \"jfgird_select_save\": [], \"jfgrid_selection_range\": {}}',1,0),(335032682859859972,'fblock','5_5','3','1079500#-8803#7c45f52b7d01486d88bc53cb17dcd2c3',0,'{\"row\": 84, \"name\": \"Sheet3\", \"chart\": [], \"color\": \"\", \"index\": \"3\", \"order\": 2, \"column\": 60, \"config\": {}, \"status\": 0, \"celldata\": [], \"ch_width\": 4748, \"rowsplit\": [], \"rh_height\": 1790, \"scrollTop\": 0, \"scrollLeft\": 0, \"visibledatarow\": [], \"visibledatacolumn\": [], \"jfgird_select_save\": [], \"jfgrid_selection_range\": {}}',2,0);
/*!40000 ALTER TABLE `luckysheet` ENABLE KEYS */;
UNLOCK TABLES;

--
-- Table structure for table `ucenter_member`
--

DROP TABLE IF EXISTS `ucenter_member`;
/*!40101 SET @saved_cs_client     = @@character_set_client */;
/*!50503 SET character_set_client = utf8mb4 */;
CREATE TABLE `ucenter_member` (
  `id` bigint unsigned NOT NULL COMMENT '会员id',
  `openid` varchar(128) DEFAULT NULL COMMENT '微信openid',
  `email` varchar(60) DEFAULT '' COMMENT '邮箱',
  `password` varchar(255) DEFAULT NULL COMMENT '密码',
  `username` varchar(50) DEFAULT NULL COMMENT '昵称',
  `sex` tinyint unsigned DEFAULT NULL COMMENT '性别 1 女，2 男',
  `age` tinyint unsigned DEFAULT NULL COMMENT '年龄',
  `avatar` varchar(255) DEFAULT NULL COMMENT '用户头像',
  `sign` varchar(100) DEFAULT NULL COMMENT '用户签名',
  `is_disabled` tinyint(1) NOT NULL DEFAULT '0' COMMENT '是否禁用 1（true）已禁用，  0（false）未禁用',
  `is_deleted` tinyint(1) NOT NULL DEFAULT '0' COMMENT '逻辑删除 1（true）已删除， 0（false）未删除',
  `gmt_create` datetime NOT NULL COMMENT '创建时间',
  `gmt_modified` datetime NOT NULL COMMENT '更新时间',
  PRIMARY KEY (`id`)
) ENGINE=InnoDB DEFAULT CHARSET=utf8mb4 COLLATE=utf8mb4_0900_ai_ci COMMENT='会员表';
/*!40101 SET character_set_client = @saved_cs_client */;

--
-- Dumping data for table `ucenter_member`
--

LOCK TABLES `ucenter_member` WRITE;
/*!40000 ALTER TABLE `ucenter_member` DISABLE KEYS */;
INSERT INTO `ucenter_member` VALUES (1,NULL,'13700000001','$2a$10$S7ZwODxXQRyOO0HrqVWHMeQ35fbLHz/w8XG4Wy5U3KQKhvtiwv/5e','小三123',1,5,'http://thirdwx.qlogo.cn/mmopen/vi_32/DYAIOgq83eoj0hHXhgJNOTSOFsS4uZs8x1ConecaVOB8eIl115xmJZcT4oCicvia7wMEufibKtTLqiaJeanU2Lpg3w/132',NULL,0,0,'2019-01-01 12:11:33','2019-11-08 11:56:01'),(1080736474267144193,NULL,'13700000011','96e79218965eb72c92a549dd5a330112','用户XJtDfaYeKk',1,19,'http://thirdwx.qlogo.cn/mmopen/vi_32/DYAIOgq83eoj0hHXhgJNOTSOFsS4uZs8x1ConecaVOB8eIl115xmJZcT4oCicvia7wMEufibKtTLqiaJeanU2Lpg3w/132',NULL,0,0,'2019-01-02 12:12:45','2019-01-02 12:12:56'),(1080736474355224577,NULL,'13700000002','96e79218965eb72c92a549dd5a330112','用户wUrNkzAPrc',1,27,'http://thirdwx.qlogo.cn/mmopen/vi_32/DYAIOgq83eoj0hHXhgJNOTSOFsS4uZs8x1ConecaVOB8eIl115xmJZcT4oCicvia7wMEufibKtTLqiaJeanU2Lpg3w/132',NULL,0,0,'2019-01-02 12:13:56','2019-01-02 12:14:07'),(1086387099449442306,NULL,'13520191388','96e79218965eb72c92a549dd5a330112','用户XTMUeHDAoj',2,20,'http://thirdwx.qlogo.cn/mmopen/vi_32/DYAIOgq83eoj0hHXhgJNOTSOFsS4uZs8x1ConecaVOB8eIl115xmJZcT4oCicvia7wMEufibKtTLqiaJeanU2Lpg3w/132',NULL,0,0,'2019-01-19 06:17:23','2019-01-19 06:17:23'),(1086387099520745473,NULL,'13520191389','96e79218965eb72c92a549dd5a330112','用户vSdKeDlimn',1,21,'http://thirdwx.qlogo.cn/mmopen/vi_32/DYAIOgq83eoj0hHXhgJNOTSOFsS4uZs8x1ConecaVOB8eIl115xmJZcT4oCicvia7wMEufibKtTLqiaJeanU2Lpg3w/132',NULL,0,0,'2019-01-19 06:17:23','2019-01-19 06:17:23'),(1086387099608825858,NULL,'13520191381','96e79218965eb72c92a549dd5a330112','用户EoyWUVXQoP',1,18,'http://thirdwx.qlogo.cn/mmopen/vi_32/DYAIOgq83eoj0hHXhgJNOTSOFsS4uZs8x1ConecaVOB8eIl115xmJZcT4oCicvia7wMEufibKtTLqiaJeanU2Lpg3w/132',NULL,0,0,'2019-01-19 06:17:23','2019-01-19 06:17:23'),(1086387099701100545,NULL,'13520191382','96e79218965eb72c92a549dd5a330112','用户LcAYbxLNdN',2,24,'http://thirdwx.qlogo.cn/mmopen/vi_32/DYAIOgq83eoj0hHXhgJNOTSOFsS4uZs8x1ConecaVOB8eIl115xmJZcT4oCicvia7wMEufibKtTLqiaJeanU2Lpg3w/132',NULL,0,0,'2019-01-19 06:17:23','2019-01-19 06:17:23'),(1086387099776598018,NULL,'13520191383','96e79218965eb72c92a549dd5a330112','用户dZdjcgltnk',2,25,'http://thirdwx.qlogo.cn/mmopen/vi_32/DYAIOgq83eoj0hHXhgJNOTSOFsS4uZs8x1ConecaVOB8eIl115xmJZcT4oCicvia7wMEufibKtTLqiaJeanU2Lpg3w/132',NULL,0,0,'2019-01-19 06:17:23','2019-01-19 06:17:23'),(1086387099852095490,NULL,'13520191384','96e79218965eb72c92a549dd5a330112','用户wNHGHlxUwX',2,23,'http://thirdwx.qlogo.cn/mmopen/vi_32/DYAIOgq83eoj0hHXhgJNOTSOFsS4uZs8x1ConecaVOB8eIl115xmJZcT4oCicvia7wMEufibKtTLqiaJeanU2Lpg3w/132',NULL,0,0,'2019-01-19 06:17:23','2019-01-19 06:17:23'),(1293112972314537985,NULL,'13206203240','96e79218965eb72c92a549dd5a330112','龙达达',NULL,NULL,'https://edu-longyang.oss-cn-beijing.aliyuncs.com/fa104ef58c4e5bc4270d911da1d1b34d.jpg',NULL,0,0,'2020-08-12 17:12:12','2020-08-11 17:12:12'),(1293479645739515905,'o3_SC5100iQtZIOEa1O6_wwhB61I','',NULL,'龙达达',NULL,NULL,'http://thirdwx.qlogo.cn/mmopen/vi_32/UEVqZKDCKVXJiazYbOM1A8WX4STK0UtqCygsAicEMQvCeyb7rKwUgLdo4efTVcERe21w2fOWw3KFbxXmMqfM4FOQ/132',NULL,0,0,'2020-08-12 17:29:14','2020-08-12 17:29:14'),(1293485029254529025,'o3_SC54LD44rVqQ1PohBLgQD4PhE','',NULL,'牵',NULL,NULL,'http://thirdwx.qlogo.cn/mmopen/vi_32/AvAFZY0bJOibR2oHmjf03ojAfCUyiaI8iaqGWkuTCp81Y2LpjFw6fcIyduYSf3VUrF5der96A2flYdtUmqCe1bhlQ/132',NULL,0,0,'2020-08-12 17:50:37','2020-08-12 17:50:37'),(1294176575985618946,NULL,'18584807318','96e79218965eb72c92a549dd5a330112','廖媛媛',NULL,NULL,'https://edu-longyang.oss-cn-beijing.aliyuncs.com/fa104ef58c4e5bc4270d911da1d1b34d.jpg',NULL,0,0,'2020-08-14 15:38:35','2020-08-14 15:38:35'),(1295360096565501954,NULL,'',NULL,NULL,NULL,NULL,NULL,NULL,0,0,'2020-08-17 22:01:28','2020-08-17 22:01:28'),(1295360104345935873,NULL,'',NULL,NULL,NULL,NULL,NULL,NULL,0,0,'2020-08-17 22:01:30','2020-08-17 22:01:30'),(1295360157382909954,NULL,'',NULL,NULL,NULL,NULL,NULL,NULL,0,0,'2020-08-17 22:01:43','2020-08-17 22:01:43'),(1529852065836388353,NULL,'406574996@qq.com','$2a$10$zXdu4CEn9IJrS5Lv0cPYHOQCcIRyB3oy2QLwNWqNPUaQptxv7DWVq','venson',NULL,NULL,NULL,NULL,0,0,'2022-05-26 23:48:50','2022-05-26 23:48:50');
/*!40000 ALTER TABLE `ucenter_member` ENABLE KEYS */;
UNLOCK TABLES;
/*!40103 SET TIME_ZONE=@OLD_TIME_ZONE */;

/*!40101 SET SQL_MODE=@OLD_SQL_MODE */;
/*!40014 SET FOREIGN_KEY_CHECKS=@OLD_FOREIGN_KEY_CHECKS */;
/*!40014 SET UNIQUE_CHECKS=@OLD_UNIQUE_CHECKS */;
/*!40101 SET CHARACTER_SET_CLIENT=@OLD_CHARACTER_SET_CLIENT */;
/*!40101 SET CHARACTER_SET_RESULTS=@OLD_CHARACTER_SET_RESULTS */;
/*!40101 SET COLLATION_CONNECTION=@OLD_COLLATION_CONNECTION */;
/*!40111 SET SQL_NOTES=@OLD_SQL_NOTES */;

-- Dump completed on 2023-05-17 21:53:55
